song,type,transc_start,transc_end,culture,id_nhs,nhs_region,hraf_region,hraf_subregion,nhs_subsistence,latitude,longitude,location_modern,permalink,citation,citation_alt,collector_name,collector_affil,rec_tech,year,singers_sex,docpage_label,docpage_description,docpage_lyrics,docpage_map,docpage_images
NHSDiscography-001,Lullaby,00:41.695,1:12.317,Lardil,NHS-C034,NHS-R03,Oceania,Australia,Hunter-gatherers,-16.52,139.41,"Mornington Island, Queensland, Australia",http://www.worldcat.org/oclc/830532278,"""Lullaby"" [Track 4]. On Songs from North Queensland [CD]. Canberra, Australia: Australian Institute of Aboriginal Studies (2013).",.,Alice M. Moyle,Australian Institute of Aboriginal and Torres Strait Islander Studies,"Nagra III, Beyer 100 microphone",1966,Both sexes,p. 9,p. 9,.,"pp. 3, 37",.
NHSDiscography-002,Healing,00:00.333,1:21.224,Anggor,NHS-C039,NHS-R13,Oceania,Melanesia,Horticulturalists,-3.9,141.19,"Samanai Village, Green River (West Sepik Province), Papua New Guinea",http://www.worldcat.org/oclc/47967141,"""Healing Song"" [Track 9]. On Songs & Dances from Papua New Guinea [CD]. London: Topic Records (2001).",.,John Thornley,International Music Collection of the British Library National Sound Archive,.,1987,Male,p. 8,p. 8,.,p. 2,.
NHSDiscography-003,Lullaby,00:25.056,1:46.440,Blackfoot,NHS-C036,NHS-R21,North America,Plains and Plateau,Hunter-gatherers,48.5569174,-113.0134175,"Browning, Montana, USA",http://www.worldcat.org/oclc/51601305,"""Lullaby"" [Track 9]. On An Historical Album of Blackfoot Indian Music [CD]. New York: Smithsonian Folkways Recordings (2001).",.,Bruno Nettl,"American Museum of Natural History, Smithsonian Insitute",.,1966,Male,p. 8,p. 8,.,p. 3,p. 6 [right]
NHSDiscography-004,Healing,00:02.011,2:45.818,Uttar Pradesh,NHS-C013,NHS-R24,Asia,South Asia,Intensive agriculturalists,27.310642,79.036254,"Karimganj, Mainpuri District, Uttar Pradesh, India",.,"""Untitled Karimganj healing track"". Unpublished recording acquired from Susan Wadley (1994).","Wadley, S. S. (1976). The spirit “rides” or the spirit “comes”: Possession in a north Indian village. In A. Bharati (Ed.), The Realm of the Extra-Human: Agents and Audiences (pp. 233–251). Mouton & Co.",Susan Wadley,Syracuse University,1994 video camera,1994,Male,p. 1,p. 1,.,p. 2,p. 3
NHSDiscography-005,Dance,05:17.335,6:46.453,Emberá,NHS-C031,NHS-R06,Middle America and the Caribbean,Central America,Horticulturalists,5.28,-76.83,"Chocó Department, Colombia",http://www.worldcat.org/oclc/21862218,"""Wadana dances"" [Track 2]. On The Music of Some Indian Tribes of Colombia [LP]. London: British Institute of Recorded Sound (1972). ",.,Brian Moser,.,.,1960,Both sexes,p. 1,pp. 3-4,.,p. 7,p. 6 
NHSDiscography-006,Healing,00:09.499,2:41.508,Akan,NHS-C108,NHS-R30,Africa,Western Africa,Horticulturalists,6.39,-4.42,"Dimbokro, Côte d'Ivoire",http://www.worldcat.org/oclc/671260633,"""Drumming and singing for a medicine-man's dance"" [Track 6]. On Baoulé Côte d’Ivoire [LP]. Paris: Africavox (1946-1952).",.,Gilbert Rouget,.,.,1946-1952,Male,p. 1,"p. 1, 3",.,.,.
NHSDiscography-007,Love,00:12.442,3:14.079,Guarani,NHS-C033,NHS-R10,South America,Eastern South America,Other subsistence combinations,-25.289,-57.606,"Asuncion, Paraguay",http://id.lib.harvard.edu/aleph/012096982/catalog,"""Musiqueada jazmin guype"" [Side 1, Track 3]. On Les Quatre Guaranis Chant, Guitares et Harpe Indienne [LP]. Paris: Éditions de la Boite à Musique (1953). ",.,-,-,-,1953,.,p. 2,p. 2,-,-,-
NHSDiscography-008,Love,00:21.837,3:01.047,Garifuna,NHS-C060,NHS-R06,Middle America and the Caribbean,Central America,Horticulturalists,16.0010702,-88.9186343999999,"Barranco, Belize ",http://www.worldcat.org/oclc/49344152,"""Paranda"" [Track 7]. On Traditional Music of the Garifuna (Black Carib) of Belize [CD]. New York: Smithsonian Folkways Recordings (2001).",.,Carol and Travis Jenkins,"American Folklife Center, Library of Congress and Illinois State University",Nagra stereo equipment,pre-1982,Both sexes,p. 5,p. 5,p. 5,p. 3,.
NHSDiscography-009,Lullaby,00:00.430,0:45.033,Nahua,NHS-C063,NHS-R12,Middle America and the Caribbean,Maya Area,Other subsistence combinations,17.7239,-100.0719,"Guerrero, Mexico",http://www.worldcat.org/oclc/55029585,"""Canción de cuna"" [Track 1]. On In Xóchitl in cuícatl [CD]. Mexico City: Instituto Nacional De Antropologia E Historia (1980).",.,José Raul Hellmer,Instituto Nacional de Bellas Artes,tape recorder,1962,Male,p. 19,p. 19,p. 20,p. 9,.
NHSDiscography-010,Love,00:01.492,4:06.098,Kwakwaka'wakw,NHS-C112,NHS-R19,North America,Northwest Coast and California,Hunter-gatherers,54,-125,"British Columbia, Canada",http://www.worldcat.org/oclc/2271400,"""Love song"" [Side 4, Track 1]. On Indian Music of the Pacific Northwest Coast [LP]. New York: Folkways Records (1967).",.,"Ida Halpern, Margaret Sargent McTaggart","Simon Fraser University, National Museum of Canada",.,1947-1953,Both sexes,p. 28,pp. 28-29,p. 28,p. 33,.
NHSDiscography-011,Healing,00:00.517,3:55.389,Yapese,NHS-C096,NHS-R14,Oceania,Micronesia,Horticulturalists,7.37555559999999,143.913888899999,"Falalop, Woleai, Yap, Federated States of Micronesia",http://www.worldcat.org/oclc/34256918,"""Song for sick people"" [Track 29]. On Spirit of Micronesia [CD]. Wotton-under-Edge, Gloucestershire, United Kingdom: Saydisc Records (1995).",.,David Fanshawe,.,Stellavox SR8/SP8,1984,Female,p. 14,p. 14,p. 14,p. 4,.
NHSDiscography-012,Love,00:06.289,2:36.750,Fulani,NHS-C053,NHS-R30,Africa,Western Africa,Pastoralists,14.01,.75,"Téra, Niger",http://www.worldcat.org/oclc/935335829,"""Niger: Kompule"" [Track 17]. On Chants d'amour [CD]. Ivry-sur-Seine, France: Auvidis/Unesco (1996).",.,Simha Arom,.,.,1972-1996,Male,p. 7,p. 7,p. 7,.,.
NHSDiscography-013,Dance,00:02.826,2:25.992,Yolngu,NHS-C109,NHS-R03,Oceania,Australia,Hunter-gatherers,-12.7308,134.5928,"Arnhem Land, Australia ",http://www.worldcat.org/oclc/1061508,"""Wadamiri"" [Side 1, Track 5]. On Tribal Music of Australia [LP]. Washington, D.C.: Folkways Records (1953). ",.,A.P. Elkin,.,Wire and tape recorders,1949-1952,.,p. 5,p. 5,p. 5,.,p. 5
NHSDiscography-014,Dance,01:16.251,3:05.340,Aymara,NHS-C098,NHS-R07,South America,Central Andes,Horticulturalists,-19.4656738,-68.6410174999999,"Cariquima, Colchane, Región de Tarapacá, Chile",http://www.worldcat.org/oclc/51910079,"""Tata San Juan"" [Track 2]. On Ameridian Music of Chile: Aymara, Qaqashqar, Mapuche [CD]. New York: Folkways Records (2002).",.,"Christos Clair-Vasiliadis, Rodrigo Medina, Adalberto Salas, Mirka Stratigopoulou","Centro de Investigación de Lenguas lndígenas, Universidad Católica de Valparaíso, Centro de Estudios Regionales, Universidad Católica de Chile - Temuco",.,1974,Male,p. 5,pp. 5-6,p. 5,.,.
NHSDiscography-015,Love,00:54.435,1:24.974,Pawnee,NHS-C070,NHS-R21,North America,Plains and Plateau,Primarily hunter-gatherers,36.34,-96.8,"Pawnee, Oklahoma, USA",http://www.worldcat.org/oclc/3237418,"""Man's love song"" [Side 1, Track 3]. On Music of the Pawnee [LP]. New York: Folkways Records (1965).",.,Gene Weltfish,Fairleigh Dickinson University,Aluminum discs,1936,Male,p. 8,p. 6,p. 8,.,p. 1
NHSDiscography-016,Love,03:39.785,5:54.697,Kogi,NHS-C074,NHS-R20,South America,Northwestern South America,Horticulturalists,10.83,-73.69,"Sierra Nevada de Santa Marta, Colombia",http://www.worldcat.org/oclc/13210331,"""Amores nuevos"" [Track 3]. On The Music of Some Indian Tribes of Colombia [LP]. London: British Institute of Recorded Sound (1972).",.,Brian Moser,.,.,1960-1961,.,p. 1,pp. 3-4,p. 4,p. 8,pp. 6-7
NHSDiscography-017,Love,00:09.297,2:53.314,Bai,NHS-C010,NHS-R08,Asia,East Asia,Intensive agriculturalists,26.54,99.91,"Jianchuan, Dali, Yunnan, China",http://www.worldcat.org/oclc/37566535,"""Wugenqu"" [Track 12]. On Baishibai Songs of the Minority Nationalities of Yunnan [CD]. Leiden, Netherlands: Pan Records (1995).",.,Zhang Xingrong,Victoria University of Wellington and the Asia 2000 Foundation,.,1984,.,p. 5,p. 5,pp. 5-6,.,p. 4
NHSDiscography-018,Love,00:02.146,1:52.150,Highland Scots,NHS-C078,NHS-R04,Europe,British Isles,Other subsistence combinations,56.95,-7.49,"Castlebay, Barra, Outer Hebrides, Scotland",http://www.worldcat.org/oclc/65178247,"""S chunna mise mo leannan"" [Track 17]. On Gaelic Songs of Scotland: Women at Work in the Western Isles [CD]. Cambridge, MA: Rounder Records (2006).",.,Alan Lomax,Royal Scottish Academy of Music and Drama,.,1951,Female,p. 16,p. 4,pp. 16-17,.,p. 14
NHSDiscography-019,Love,01:12.349,2:18.201,Saramaka,NHS-C009,NHS-R01,South America,Amazon and Orinoco,Other subsistence combinations,4,-56,"Pikílío River, Suriname",http://www.worldcat.org/oclc/50625762,"""Untitled Sĕkĕti songs"" [Side 2, Track 2]. On Music from Saramaka: A Dynamic Afro-American Tradition [CD]. New York: Smithsonian Folkways Recordings (2002).",.,Richard and Sally Price,Johns Hopkins University,.,1967-1968,Female,.,pp. 5-6,p. 6,p. 2,p. 5
NHSDiscography-020,Dance,06:13.821,9:42.095,Blackfoot,NHS-C036,NHS-R21,North America,Plains and Plateau,Hunter-gatherers,48.5569174,-113.0134175,"Browning, Montana, USA",http://www.worldcat.org/oclc/51601305,"""War or grass dance songs"" [Track 9]. On An Historical Album of Blackfoot Indian Music [CD]. New York: Smithsonian Folkways Recordings (2001).",.,Bruno Nettl,"Indiana University, American Museum of Natural History, Smithsonian Insitute",.,1966,Male,p. 8,p. 8,.,p. 3,p. 6 [right]
NHSDiscography-021,Lullaby,00:00.829,0:46.161,Saami,NHS-C007,NHS-R23,Europe,Scandinavia,Pastoralists,70,25,"Finnmark, Norway",http://www.worldcat.org/oclc/610482737,"""Mana gallaka noukat""  [Track 36]. On Lappish Joik Songs from Northern Norway [LP]. New York: Folkways Records (1961).",.,Wolfgang Laade and Dieter Christensen,.,.,1955,Female,p. 7,p. 7,.,.,p. 8
NHSDiscography-022,Dance,00:50.026,1:33.228,Bahia Brazilians,NHS-C029,NHS-R10,South America,Eastern South America,Intensive agriculturalists,-12.89,-38.68,"Mar Grande in Itaparica, Brazil",http://www.worldcat.org/oclc/66086284,"""Samba urbano"" [Side 2, Track 1]. On Songs and Dances of Brazil [CD]. New York: Smithsonian Folkways Recordings (2001).",.,Carlo Castaldi,.,.,1956,.,p. 1,p. 5,p. 8,.,.
NHSDiscography-023,Healing,11:00.828,12:11.381,Seri,NHS-C103,NHS-R18,Middle America and the Caribbean,Northern Mexico,Hunter-gatherers,29.5046441,-112.396112099999,"Desemboque, Sonora, Mexico",http://www.worldcat.org/oclc/3085331,"""Cancion del curandero"" [Side 1, Track 8]. On Folk Music of Mexico [LP]. Washington, D.C.: Library of Congress (1959).",.,Henrietta Yurchenco,"Archive of Folk Song, Library of Congress",Portable equipment,1946,Male,p. 2,p. 2,.,.,.
NHSDiscography-024,Healing,02:04.366,4:05.873,Ye'kuana,NHS-C051,NHS-R01,South America,Amazon and Orinoco,Horticulturalists,5.18,-64.14,"Kuamaña, Venezuela",http://www.worldcat.org/oclc/54832362,"""Mëdëjene"" [Track 6]. On Music of the Venezuelan Yekuana Indians [CD]. New York: Smithsonian Folkways Records (circa 2000).",.,"Walter Coppens, Barbara Brändli, Jean François Nothomb",.,.,1970,.,p. 6,p. 6,.,p. 3,.
NHSDiscography-025,Dance,00:00.539,1:51.845,Aka,NHS-C110,NHS-R05,Africa,Central Africa,Hunter-gatherers,4,18,"Lobaye, Central African Republic",http://www.worldcat.org/oclc/61328500,"""Monzoli"" [Disc 1, Track 7]. On Musical Anthology of the Aka Pygmies [CD]. Paris: Ocora Radio France (2002).",.,Simha Arom,.,.,1972-1977,Both sexes,.,p. 21,.,p. 30,.
NHSDiscography-026,Love,00:00.165,1:29.954,Nenets,NHS-C030,NHS-R16,Asia,North Asia,Pastoralists,67.005302,78.2338029999999,"Samburg, Yamalo-Nenetskiy, Russia",http://www.worldcat.org/oclc/696302548,"""My beloved wife"" [Disc 1, Track 12]. On Voix du Finisterre Arctique: Voices from the Arctic Land's End [CD]. Paris: Buda Records (1998).",.,Henri Lecomte,Institut national des langues et civilisations orientales,.,1997,.,p. 15,p. 15,p. 15,p. 2,p. 22
NHSDiscography-027,Healing,00:02.840,2:51.452,Lunda,NHS-C028,NHS-R27,Africa,Southern Africa,Horticulturalists,-10.9884148,26.7378585,"Jadotville, Katanga, Democratic Republic of the Congo",http://www.worldcat.org/oclc/12833307,"""Atufundi uyanganje"" [Side A, Track 5]. On TR-48: Sons d'Afrique (Congo) [LP]. Johannesburg: International Library of African Music (1957).","Tracey, Hugh. 1973. ""Catalogue: The Sound of Africa Series: 210 Long Playing Records of Music and Songs from Central, Eastern, and Southern Africa."" Vol. 1-2. International Library of African Music.",Hugh Tracey,International Library of African Music,.,1957,Female,p. 4,p. 4,p. 4,p. 2,.
NHSDiscography-028,Love,00:00.275,0:56.339,Ojibwa,NHS-C042,NHS-R02,North America,Arctic and Subarctic,Hunter-gatherers,46.1635704,-93.7574723999999,"Vineland, Minnesota, USA",http://www.worldcat.org/oclc/321004055,"""Love song, James Littlewolf"" [Track 12]. On Ojibway Music from Minnesota: A Century of Song for Voice and Drum [CD]. St. Paul, Minnesota, USA: Minnesota Historical Society Press (1997).",.,John Nichols,.,.,1971,Male,p. 52,pp. 42-43,pp. 43-44,p. 15,.
NHSDiscography-029,Dance,00:14.880,3:07.411,Greeks,NHS-C099,NHS-R26,Europe,Southeastern Europe,Intensive agriculturalists,37.5079471999999,22.3734899999999,"Peloponnese, Greece",http://www.worldcat.org/oclc/3744389,"""Agapisa mia orphani (I have fallen in love with an orphan)"" [Track 2]. On Songs and Dances of Greece [LP]. New York: Folkways Records (1953).",.,.,.,.,pre-1953,.,p. 4,p. 4,p. 4,.,p. 1
NHSDiscography-030,Dance,00:00.667,2:08.074,Sweden,NHS-C090,NHS-R23,Europe,Scandinavia,Intensive agriculturalists,63.17,14.96,"Jämtland, Sweden",http://www.worldcat.org/oclc/40424026,"""Lapp nils polska efter munter-johan"" [Track 36]. On Vall- trall- & Lapp-Nils Låtar: Folk Tunes from Jämtland [CD]. Stockholm: Caprice Records/Sveriges Radio P2 (1996).",.,Matts Arnberg,"Royal Swedish Academy of Music, Swedish Broadcasting Corporation P2, Swedish Centre for Folk Song and Folk Music Research, Caprice Records",.,1951,Male,p. 23,p. 21,.,.,p. 22
NHSDiscography-031,Healing,00:23.063,1:07.562,Iroquois,NHS-C002,NHS-R11,North America,Eastern Woodlands,Horticulturalists,43.05011,-80.08295,"Six Nations Reserve, Ontario, Canada",http://www.worldcat.org/oclc/15041103,"""Throwing songs of four individual medicine men and introductory songs of the medicine men"" [Side 1, Track 6]. On Songs from the Iroquois Longhouse [LP]. Washington, D.C.: Library of Congress (1950).","Felton, William N. 1942. ""Songs from the Iroquois Longhouse: Program Notes for an Album of American Indian Music from the Eastern Woodlands."" Smithsonian Institution.",William N. Felton,Bureau of American Ethnology,Portable equipment,1941,Male,p. 2,pp. 6-8,pp. 6-7,.,"pp. 10, 11"
NHSDiscography-032,Dance,00:32.717,1:12.889,Iroquois,NHS-C002,NHS-R11,North America,Eastern Woodlands,Horticulturalists,42.1072,-78.7911,"Allegany Reservation, Cattaraugus County, New York",http://www.worldcat.org/oclc/7892340,"""Three robin dance songs"" [Track 3]. On Seneca Social Dance Music [LP]. New York: Folkways Records (1980).",.,Mary Frances Riemer,.,.,1980,Both sexes,p. 9,pp. 9-10,.,"pp. 3, 5","pp. 5, 7, 10"
NHSDiscography-033,Healing,00:00.379,4:52.112,Maya (Yucatan Peninsula),NHS-C020,NHS-R12,Middle America and the Caribbean,Maya Area,Horticulturalists,20.388,-88.473,"Chanchichimilá, Yucatan, Mexico",http://www.worldcat.org/oclc/66145299,"""Rezo de santiguación"" [Track 13]. On Ki'ichkelem Tata Dios: Música Ritual del Oriente de Yucatán [CD]. Mexico City: Instituto Nacional de Antropologia e Historia (2003).",.,Victor Acevedo Martinez,.,.,2001,Male,p. 51,pp. 51-52,.,p. 11,.
NHSDiscography-034,Lullaby,00:28.374,2:38.579,Goajiro,NHS-C026,NHS-R20,South America,Northwestern South America,Pastoralists,11.3863889,-71.9808332999999,"Laguna de Los Pájaros, Paraguaipoa, Zulia, Venezuela",https://iucat.iu.edu/catalog/8092749,"""Canción de cuna"" [Side 1, Track 5] On Chicha Maya: Folklore de la Guajira Venezolana [LP]. Caracas, Venezuela: Laffer (1971). ",.,Luis T. Laffer,.,"Kudelski / Nagra IV recorder, Sennheiser MKH 405 and MD 211 microphones",1971,Female,p. 2,p. 3,. ,.,.
NHSDiscography-035,Dance,00:21.985,4:36.994,Gourara,NHS-C044,NHS-R17,Africa,Northern Africa,Agro-pastoralists,28.47673,-.14129,"Gourara, Algeria",http://www.worldcat.org/oclc/34555452,"""Dance with qarqabou"" [Track 7]. On Music of Gourara [CD]. France: Auvidis (1991).",.,Pierre Augier,"Algerian Ministry of Higher Education and Scientific Resarch, Centre de Recherches Anthropologiques, Préhistoriques et Ethnographiques of Algiers",.,1975,.,p. 6,p. 6,. ,.,.
NHSDiscography-036,Dance,00:14.773,2:29.671,Ojibwa,NHS-C042,NHS-R02,North America,Arctic and Subarctic,Hunter-gatherers,47.4875360999999,-94.8858492,"Bemidji, Minnesota, USA",http://www.worldcat.org/oclc/321004055,"""Kingbird singers"" [Track 1]. On Ojibway Music from Minnesota: A Century of Song for Voice and Drum [CD]. St. Paul, Minnesota, United States: Minnesota Historical Society (1997).",.,"Thomas Vennum Jr., Philip Nusbaum",.,.,1988,Male,p. 51,pp. 24-25,p. 25,p. 15,pp. 18-19
NHSDiscography-037,Lullaby,00:01.215,1:57.378,Javaé,NHS-C012,NHS-R01,South America,Amazon and Orinoco,Horticulturalists,-10.9201482,-50.1832516,"Bananal Island, State of Tocantins, Brazil",http://www.worldcat.org/oclc/46338765,"""Javahe: Lullaby-song, mother and child"" [Track 14]. On Brazilian Indian Music [CD]. New York: Folkways Records (2000).",.,"Harald Schultz, Vilma Chiara",San Paulo State Museum,.,pre-1962,.,p. 1,p. 2,.,.,.
NHSDiscography-038,Healing,00:46.301,3:11.034,Bahia Brazilians,NHS-C029,NHS-R10,South America,Eastern South America,Intensive agriculturalists,-9.7713,-38.1829,"Santa Brígida, Bahia, Brazil",http://www.worldcat.org/oclc/66266817,"""Bênção de cura"" [Track 10]. On Bahia singular e plural [CD]. Bahia, Brazil: Instituto de Radiodifusão Educativa da Bahia (1998).",.,"Guilherme Ferreira de Lima, José Silva",.,.,1998,Male,p. 7,p. 7,p. 7,.,.
NHSDiscography-039,Lullaby,00:00.616,1:21.515,Chewa,NHS-C038,NHS-R27,Africa,Southern Africa,Horticulturalists,-14.157,33.8429,"Chadza, Lilongwe, Malawi",http://www.worldcat.org/oclc/12360210,"""Alulu kalele mwana"" [Side A, Track 4]. On Sons d' Afrique TR-76: Nyasaland Chewa [LP]. Johannesburg: International Library of African Music (1958).","Tracey, Hugh. 1973. ""Catalogue: The Sound of Africa Series: 210 Long Playing Records of Music and Songs from Central, Eastern, and Southern Africa."" Vol. 1-2. International Library of African Music.",Hugh Tracey,International Library of African Music,.,1958,Female,p. 6,p. 6,p. 6,p. 4,.
NHSDiscography-040,Lullaby,00:00.463,2:05.887,Aka,NHS-C110,NHS-R05,Africa,Central Africa,Hunter-gatherers,4,18,"Lobaye Region, Central African Republic",http://www.worldcat.org/oclc/61328500,"""Mo boma"" [Disc 1, Track 15]. On Musical Anthology of the Aka Pygmies [CD]. France: Ocora Radio France (2002).",.,Simha Arom,"Le Centre national de la recherche scientifique, Société Française d'ethnomusicologie, Société française d'analyse musicale, European Society for the Cognitive Sciences of Music (ESCOM), European Seminar in Ethnomusicology",.,1972-1977,Female,p. 22,p. 22,p. 22,p. 30,p. 19
NHSDiscography-041,Healing,00:00.194,1:33.273,Georgia,NHS-C061,NHS-R26,Europe,Southeastern Europe,Intensive agriculturalists,42.122779,45.29608,East Georgia,http://www.worldcat.org/oclc/144642402,"""Iavnana (Violet Mother)"" [Disc 2, Track 10]. On Songs of Survival: Traditional Music of Georgia [CD]. London: Topic Records (2007).",.,Michael Church,.,.,2003,.,p. 21,p. 21,p. 21,p. 2,p. 9
NHSDiscography-042,Dance,00:01.545,2:43.507,Ainu,NHS-C072,NHS-R08,Asia,East Asia,Primarily hunter-gatherers,42.4,142.26,"Okaribe, Hokkaido, Japan",http://www.worldcat.org/oclc/78401666,"""Rimse"" [Track 4]. On Ainu Songs Chants des Ainou [CD]. France: Auvidis (1993).",.,"Kazuyuki Tanimoto, Jean-Jacques Nattiez","UNESCO, University of Montreal, Hokkaido Kyoiku University",.,1978,.,p. 3,p. 3,.,.,"pp. 4, 8"
NHSDiscography-043,Lullaby,00:00.099,1:31.620,Highland Scots,NHS-C078,NHS-R04,Europe,British Isles,Other subsistence combinations,57.62047,-7.33078,"Outer Hebrides, United Kingdom ",http://www.worldcat.org/oclc/74386532,"""Ho ho vo laidi bheag"" [Side 2, Track 3]. On Songs and Pipes of the Hebrides [LP]. New York: Folkways Records (1961).",.,Polly Hitchhock,.,.,pre-1952,Male,p. 5,p. 5,.,.,.
NHSDiscography-044,Lullaby,03:42.424,4:37.544,Seri,NHS-C103,NHS-R18,Middle America and the Caribbean,Northern Mexico,Hunter-gatherers,29.5046,-112.3961,"El Desemboque, Sonora, Mexico",http://www.worldcat.org/oclc/17376475,"""Voice with rattle"" [Track EC 3402-3]. On Mexico, Sonora, Seri Indians, 1966 [sound tape reel]. Archives of Traditional Music (1969).","Bowen, T. and Moser, E. ""Material and Functional Aspects of Seri Instrumental Music."" Kiva, Vol. 35, No. 4, Seri Studies, April 1970, pp. 178-200.",Thomas Bowen,.,"Reel-to-reel audio tape recording, analog",1966,Male,p. 2,.,.,.,.
NHSDiscography-045,Love,00:07.147,2:32.102,Tuareg,NHS-C104,NHS-R17,Africa,Northern Africa,Agro-pastoralists,18.357536,7.315467,"(approximate) Aïr Mountains, Niger",http://www.worldcat.org/oclc/2270693,"""Ezzel n oufada aoua etteb ales ou n abaradh"" [Side 1, Track 3]. On Tuareg Music of the Southern Sahara [LP]. New York: Folkways Records (1960).",.,Finola and Geoffrey Holiday,.,.,pre-1960,Male,p. 6,pp. 6-7,.,.,.
NHSDiscography-046,Dance,00:22.405,3:12.797,Garo,NHS-C004,NHS-R24,Asia,South Asia,Horticulturalists,24.2653802,86.64801729999991,"Madhupur, India",http://www.worldcat.org/oclc/30939333,"""Dance of the morning dove (Dokrusuani)"" [Track 7]. On Bangladesh: Les Garo de la forêt de Madhupur [CD]. Paris: Ocora Radio France: Distribution Harmonia Mundi (1994). ",.,Ricardo Canzio,.,.,pre-1994,.,p. 25,"pp. 11-12, 16",p. 12,.,p. 1
NHSDiscography-047,Love,00:00.448,0:40.470,Q'ero Quichua,NHS-C094,NHS-R07,South America,Central Andes,Agro-pastoralists,-13.3140102,-71.5931656999999,"Beyond the towns of Paucartambo and Ocongate, Cusco, Peru",http://www.worldcat.org/oclc/38134878,"""Love song"" [Track 31]. On Mountain Music of Peru [CD]. Washington, D.C.: Smithsonian Folkways Records (1991).",.,John Cohen,Smithsonian,"Nagra tape recorder, AKCD-24 microphone﻿",1964,Female,p. 6,pp. 5-6,p. 6,.,.
NHSDiscography-048,Lullaby,00:00.849,0:56.413,Kurds,NHS-C037,NHS-R15,Middle East,Middle East,Pastoralists,34.7836,47.6003,"Bawale (near Sonqor), Kermanshah Province, Iran",http://www.worldcat.org/oclc/3237924,"""Laîlaî"" [Side 2, Track 8]. On Kurdish Folk Music from Western Iran [LP]. New York: Folkways Records (1966).",.,Dieter and Nerthus Christensen,.,"Battery-operated portable Butoba TS 61 tape recorder, dual track BASF LGS 52 tape, Sennheiser MD 19 and MD 21 microphones",1962,Female,p. 14,p. 14,p. 14,p. 5,.
NHSDiscography-049,Lullaby,03:30.780,5:12.516,Fut,NHS-C018,NHS-R30,Africa,Western Africa,Horticulturalists,6.084528,10.13017,"Bafut, Cameroon",http://www.worldcat.org/oclc/689536875,"""Four lullabies"" [Side 1, Track 8]*. On Music of the Cameroons [LP]. New York: Folkways Records (1961). *Note: The online track has an error. Track 8 is labelled ""Funeral song"" but is actually ""Four lullabies.""",.,Robert and Pat Ritzenthaler,"Wenner-Gren Foundation for Anthropological Research and the Friends of the Museum, Milwaukee Public Museum",.,1959,Female,p. 3,p. 6,.,.,.
NHSDiscography-050,Dance,00:06.530,1:47.222,Hawaiians,NHS-C019,NHS-R22,Oceania,Polynesia,Intensive agriculturalists,19.3647222,-154.9722222,"Kaimu, Hawaii, USA",http://www.worldcat.org/oclc/123093348,"""Mele inoa no Hi'iaka; name chant for the goddess Hi'iaka"" [Track 20]. On Nā Leo Hawai'i Kahiko: Voices of Old Hawaii [CD]. Honolulu: Bernice P. Bishop Museum (1997).",.,Vivienne Mader,.,.,1935,Male,p. 11,"pp. 2, 11",p. 11,.,.
NHSDiscography-051,Lullaby,00:00.899,0:33.514,Samoans,NHS-C047,NHS-R22,Oceania,Polynesia,Horticulturalists,-13.9780281,-171.4615425,"Ti'avea, Upolu, Samoa",http://www.worldcat.org/oclc/698439915,"""Tagi lullaby"" [Track 16]. On Spirit of Polynesia [CD]. Wotton-under-Edge, Gloucestershire, United Kingdom: Saydisc Records (1993).",.,David Fanshawe,.,Stellavox SR8/SP8,1979,Female,p. 9,p. 9,.,p. 4,p. 19
NHSDiscography-052,Love,00:00.801,1:27.218,Saami,NHS-C007,NHS-R23,Europe,Scandinavia,Pastoralists,68.09071639999991,21.700781,"Övre Soppero, Sweden",http://www.worldcat.org/oclc/40133934,"""A love song"" [Disc 3, Track 21]. On Yoik: A Presentation of Saami Folk Music [CD]. Stockholm, Sweden: Caprice (1997).",.,"Matts Arnberg, Håkan Unsgaard, and Israel Ruong",.,.,1953,Male,p. 14,.,p. 18,.,.
NHSDiscography-053,Love,00:00.328,2:31.430,Hawaiians,NHS-C019,NHS-R22,Oceania,Polynesia,Intensive agriculturalists,21.2752,-157.8312,"Waikiki, Hawaii, USA",http://www.worldcat.org/oclc/123093348,"""Mele ho'oipoipo, love chant"" [Track 14]. On Na Leo Hawai'i Kahiko: Voices of Old Hawaii [CD]. Honolulu: Bernice P. Bishop Museum (1997).",.,Vivienne Mader,.,.,1935,Male,p. 9,"pp. 2, 9",pp. 9-10,.,.
NHSDiscography-054,Healing,00:00.375,2:59.391,Kuna,NHS-C082,NHS-R06,Middle America and the Caribbean,Central America,Horticulturalists,9.57,-78.81999999999999,"San Blas Islands, Panama",http://www.worldcat.org/oclc/49687253,"""Aquanusa (stone) a healing oration sung by Wilfredo Morris"" [Side 1, Track 4]. On Music of the Indians of Panama: The Cuna (Tule) & Chocoe (Embera) Tribes [CD]. New York: Smithsonian Folkways Records (2001).",.,David Blair Stiffler,.,.,pre-1983,Male,p. 3,p. 3,pp. 3-4,.,.
NHSDiscography-055,Lullaby,00:00.085,2:19.856,Marathi,NHS-C041,NHS-R24,Asia,South Asia,Intensive agriculturalists,12.9667,77.5667,"Karnataka, India",http://www.worldcat.org/oclc/689541885,"""Palna"" [Track 1]. On Marathi Songs from the Arnold Bake Collection [LP]. New Delhi: Archives and Research Centre for Ethnomusicology (1938).",.,Arnold A. Bake,"Brasenose College, University of Oxford",Teficord,pre-1938,.,p. 2,p. 2,.,.,.
NHSDiscography-056,Healing,03:29.021,4:24.027,Pawnee,NHS-C070,NHS-R21,North America,Plains and Plateau,Primarily hunter-gatherers,47.6949743418628,-102.3486328125,"North Dakota, USA",http://www.worldcat.org/oclc/3237418,"""Peyote song"" [Side 1, Track 3F]. On Music of the Pawnee [LP]. New York: Folkways Records (1967).",.,Gene Weltfish,Fairleigh Dickinson University,Aluminum discs,1936,Male,p. 7,pp. 7-8,p. 8,.,.
NHSDiscography-057,Love,00:12.307,1:29.686,Iwaidja,NHS-C043,NHS-R03,Oceania,Australia,Hunter-gatherers,-11.1764219,132.531345699999,"Croker Island, West Arnhem, Northern Territory, Australia",http://www.worldcat.org/oclc/212740985,"""Dangkarrarnaka"" [Track 28]. On Jurtbirrk: Love Songs From North Western Arnhem Land [CD]. Batchelor, Northern Territory, Australia: Batchelor Press (2005). ",.,"Linda Barwick, Bruce Birch","Sydney Conservatorium of Music, PARADISEC, University of Melbourne, Iwaidja Documentation Project (DoBeS)","single-point stereo microphone, Marantz PMD690 Flash-RAM recorder",2004,Male,p. 38,"pp. 6, 17",pp. 38-39,p. 6,p. 14
NHSDiscography-058,Love,00:00.160,2:15.064,Melpa,NHS-C062,NHS-R13,Oceania,Melanesia,Horticulturalists,-5.626813,144.259312,"Western Highlands Province, Papua New Guinea",.,"""Untitled Papua New Guinea love track."" Unpublished recording acquired from Don Niles (2011).","Niles, Don. “Structuring Sound and Movement: Music and Dance in the Mount Hagen Area.” PhD dissertation, Anthropology and Sociology, University of Papua New Guinea, 2011.",Don Niles,University of Papua New Guinea,.,pre-2011,Female,.,p. 1,.,.,.
NHSDiscography-059,Lullaby,00:00.666,1:23.151,Guarani,NHS-C033,NHS-R10,South America,Eastern South America,Other subsistence combinations,-18.412974,-61.780545,"Alto Izogog, Bolivia",http://www.worldcat.org/oclc/41240806,"""Tapiti"" [Track 46]. On Le chant des engants du monde: vol. 6 Amérique du Sud (CD). Paris, France: Arion (1998).",.,Francis Corpataux,Université de Sherbrooke,.,1991-1997,Female,p. 21,p. 21,p. 21,.,.
NHSDiscography-060,Healing,00:00.938,2:17.117,Meratus,NHS-C046,NHS-R25,Asia,Southeast Asia,Horticulturalists,-3.0926415,115.283758499999,"South Kalimantan, Indonesia",http://www.worldcat.org/oclc/42385304,"""Belian (slow) - Meratus"" [Track 4]. On Bornéo: Music of the Dayak and of the Punan [CD]. Paris, France: Buda Musique (1999).",.,Manuel Gomes,.,.,1997-1998,.,.,"pp. 4, 6",.,.,.
NHSDiscography-061,Love,00:00.235,2:40.547,Rwandans,NHS-C045,NHS-R05,Africa,Central Africa,Intensive agriculturalists,-2.35,29.7333,"Nyanza, Rwanda",http://www.worldcat.org/oclc/12841427,"""Lama"" [Side A, Track 2]. On TR-181: Sons d' Afrique (Rwanda) [LP]. Johannesburg: International Library of African Music (1952).","Tracey, Hugh. 1973. ""Catalogue: The Sound of Africa Series: 210 Long Playing Records of Music and Songs from Central, Eastern, and Southern Africa."" Vol. 1-2. International Library of African Music.",Hugh Tracey,International Library of African Music,.,1952,.,p. 6,p. 6,p. 6,p. 4,.
NHSDiscography-062,Lullaby,00:00.824,2:10.954,Ainu,NHS-C072,NHS-R08,Asia,East Asia,Primarily hunter-gatherers,42.6358,142.1595,"Nibutani, Hokkaido, Japan",http://www.worldcat.org/oclc/30756862,"""Ihumke"" [Track 14]. On Ainu Songs Chants des Ainou [CD]. France: Auvidis (1993).",.,"Kazuyuki Tanimoto, Jean-Jacques Nattiez","UNESCO, University of Montreal, Hokkaido Kyoiku University",.,1978,.,p. 4,p. 4,.,.,"pp. 4, 8"
NHSDiscography-063,Dance,00:00.342,2:37.025,Maasai,NHS-C079,NHS-R09,Africa,Eastern Africa,Pastoralists,-3.3667,36.6833,"Arusha Baraza, Arusha district, Tanzania",http://www.worldcat.org/oclc/55208615,"""Embrukoi"" [Track 20]. Tanzania Vocals Tanganyika [CD]. Utrecht, Netherlands: SWP Records; Grahamstown, South Africa: International Library of African Music (2003).",.,Hugh Tracey,"Rhodes University, International Library of Music",Reel-to-reel tape recorder,1950,Both sexes,p. 17,p. 17,.,p. 13,p. 5
NHSDiscography-064,Healing,10:05.714,13:49.228,Korea,NHS-C075,NHS-R08,Asia,East Asia,Intensive agriculturalists,37.5665,126.978,"Seoul, South Korea",http://www.worldcat.org/oclc/663384703,"""Changgunrŏi: Pyŏlsanggŏri, Sinjanggŏri, Taegamgŏri, T'ŏjudaegamgŏri"" [Disc 2, Track 7]. On Seoul Jaesu Kut & Kin'ogwi Kut [CD]. Seoul: National Center for Korean Traditional Performing Arts/Korean Broadcasting System (1997). *Note: the English liner notes list the track as Track 8 in Section 1. ",.,.,.,.,1991,Male,p. 13,p. 13,.,.,.
NHSDiscography-065,Love,00:15.734,3:05.160,Zulu,NHS-C054,NHS-R27,Africa,Southern Africa,Horticulturalists,-28.2242365,31.4627576,"Mahlabatini, KwaZulu-Natal, South Africa",http://www.worldcat.org/oclc/181940028,"""Ngimthanda nje muhle"" [Side B, Track 1] On The Zulu Songs of Princess Constance Magogo KaDinuzulu [LP]. Johannesburg: Gallo Records (1973).","Tracey, Hugh. 1973. ""Catalogue: The Sound of Africa Series: 210 Long Playing Records of Music and Songs from Central, Eastern, and Southern Africa."" Vol. 1-2. International Library of African Music.",Hugh Tracey,International Library of African Music,.,1955,Female,p. 4,p. 4,p. 4,p. 2,.
NHSDiscography-066,Healing,00:04.287,2:24.301,Turkmen,NHS-C117,NHS-R15,Middle East,Middle East,Intensive agriculturalists,37.2566928,55.1694594,"Turkmen Sahra, Iran",http://www.worldcat.org/oclc/166295428,"""Porkâni (Zekre Khanjar)"" [Disc 3, Track 5]. On Hasht Behesht : A Selection of Iranian Regional Music [CD]. Tehran, Iran: Mahoor Institute of Culture and Art (2005).",.,"Hossein Hamidi, Fuziye Majd, Manije Alipur.",Mahoor Institute of Culture and Art,.,1972-1977,.,p. 7,"pp. 7, 17-19",.,.,.
NHSDiscography-067,Lullaby,00:05.182,1:28.786,Chukchee,NHS-C016,NHS-R16,Asia,North Asia,Pastoralists,65.6298355,171.6952159,"Chukotka Autonomous Okrug, Russia",http://www.worldcat.org/oclc/40405295,"""Berceuse / Lullaby"" [Track 22]. On Russian Far North: The Chukchi [CD]. Boulogne, France: Auvidis (1997).",.,Cécile Gueunoun,Médecins du Monde,.,pre-1997,.,p. 2,p. 5,.,.,.
NHSDiscography-068,Dance,00:00.192,2:17.746,Lozi,NHS-C068,NHS-R27,Africa,Southern Africa,Other subsistence combinations,-12.830995,28.196626,"Wuaskile Compound, Nkana Mine NR, Zambia",http://greenstone.ilam.ru.ac.za/cgi-bin/library?e=q-01000-00---0ilam--00-1--0-10-0---0---0prompt-10-DU--4-------0-1l--11-en-50---20-about-C3X10--00-3-1-00-0011-0-0utfZz-8-00&a=d&c=ilam&srp=0&srn=0&cl=search&d=D32063,"""Musahowelele likishi la Mulena"" [Tape 72]. On C3X-10 [Acetate record]. Johannesburg, South Africa: International Library of African Music (1949).","Tracey, Hugh. 1973. ""Catalogue: The Sound of Africa Series: 210 Long Playing Records of Music and Songs from Central, Eastern, and Southern Africa."" Vol. 2. International Library of African Music.",Hugh Tracey,International Library of African Music,.,1949,Both sexes,p. 2,p. 2,.,.,.
NHSDiscography-069,Love,00:02.412,0:47.268,Huichol,NHS-C076,NHS-R18,Middle America and the Caribbean,Northern Mexico,Horticulturalists,20.7618,-104.852,"San Sebastián, Mexico",http://www.worldcat.org/oclc/300278568,"""Canción de amor (canto de entretenimiento)"" [Track 14]. On Música y Cantos para la Luz y los Ocuridad: 100 años de Testimonios de los Pueblos Indígenas: Música y Cantos Huicholes Grabados por Carl Lumholtz [CD]. Mexico: Comisión para el Desarrollo de los Pueblos Indígenas (2005).",.,Carl Lumholtz,American Museum of Natural History,Phonograph cylinder,1898,Male,p. 37,"pp. 11-12, 31-32, 37",.,.,.
NHSDiscography-070,Lullaby,00:40.949,1:03.766,Kanaks,NHS-C093,NHS-R13,Oceania,Melanesia,Horticulturalists,-22.67,167.5,"Vao, New Caledonia",http://www.worldcat.org/oclc/32292076,"""Deux berceuses de l'Ile des Pins"" [Track 15]. On Chants Kanaks [CD]. Arles, France: Harmonia Mundi (1990).",.,"Jean-Michel Beaudet, Lionel Weiri","Centre national de la recherche scientifique, Musée de l'Homme",.,1984,Female,p. 23,p. 23,p. 23,p. 2,.
NHSDiscography-071,Lullaby,00:00.374,2:16.342,Greeks,NHS-C099,NHS-R26,Europe,Southeastern Europe,Intensive agriculturalists,37.16,26.84,"Leros, Greece",http://www.worldcat.org/oclc/181941514,"""Lullaby"" [Disc 1, Track 6]. On Tēs Leros Ta Tragoudia [CD]. Leros, Greece: Music Folklore Archive (1998).",.,Anthony Dallaris,"Instructive and Cultural Lerian Youth Society ""Artemis"" ",.,1998,Female,p. 17,"pp. 11, 17 ",p. 17,p. 7,p. 17
NHSDiscography-072,Dance,00:32.782,1:39.091,Tlingit,NHS-C080,NHS-R19,North America,Northwest Coast and California,Hunter-gatherers,59.5469,-139.7272,"Yakutat, Alaska, USA",http://www.worldcat.org/oclc/593856458,"""Tsimshian blanket dance song"" [Side 2, Track 4]. On Southeast Alaska Folk Tradition, Vol. 1: Exploration and Discovery, 1786-1897 [LP]. New York: Folkways Records (1981).",.,John Ingalls and Barry Roderick,"KTOO-FM, Juneau, Archipelago, Inc.",.,pre-1981,Both sexes,p. 12,p. 12,.,p. 12,.
NHSDiscography-073,Lullaby,02:11.001,3:09.865,Tuareg,NHS-C104,NHS-R17,Africa,Northern Africa,Agro-pastoralists,16.7758,-3.0094,"Timbuktu, Mali",http://www.worldcat.org/oclc/698168574,"""Lullaby"" [Track 6, Song 3]. On African Music [LP]. New York: Folkways Records (1957).",.,Laura C. Boulton,"Straus West African Expedition of Field Museum of National History, Chicago",.,pre-1939,Female,p. 8,p. 8,p. 8,.,"pp. 3, 8"
NHSDiscography-074,Love,00:00.432,0:15.718,Nahua,NHS-C063,NHS-R12,Middle America and the Caribbean,Maya Area,Other subsistence combinations,18.238,-99.23050000000001,"Morelos and Guerrero, Mexico",http://www.worldcat.org/oclc/55029585,"""Canto de amor"" [Track 2]. On In Xóchitl in Cuícatl [CD]. Mexico City: Instituto Nacional de Antropología e Historia (2002).",.,José Raul Hellmer,Instituto Nacional de Bellas Artes,tape recorder,1962-1968,Male,p. 21,p. 21,p. 21,p. 9,.
NHSDiscography-075,Healing,00:01.758,1:26.803,Kwakwaka'wakw,NHS-C112,NHS-R19,North America,Northwest Coast and California,Hunter-gatherers,54,-125,"British Columbia, Canada",http://www.worldcat.org/oclc/2271400,"""Little woman doctor song"" [Side 3, Track 6]. On Indian Music of the Pacific Northwest Coast [LP]. New York: Folkways Records (1967).",.,"Ida Halpern, Margaret Sargent McTaggart","Simon Fraser University, National Museum of Canada",.,1947-1953,Female,p. 26,pp. 26-27,p. 27,p. 33,.
NHSDiscography-076,Lullaby,00:00.840,1:23.168,Nyangatom,NHS-C021,NHS-R09,Africa,Eastern Africa,Pastoralists,4.58,35.49,"Nakua, Nyangatom, South Omo Zone, Ethiopia",.,"""Tolema, tolema-ey"". Unpublished recording acquired from Hannah Wild (2012).",.,Hannah Wild,Harvard University,Sony handheld digital recorder,2012,Female,.,p. 1,p. 1,.,.
NHSDiscography-077,Love,00:09.572,1:31.839,Alacaluf,NHS-C005,NHS-R28,South America,Southern South America,Hunter-gatherers,-53.1638,-70.9171,"Punta Arenas, Chile",http://www.ailla.utexas.org/search/resource.html?r_id=1079,"""Lovers' song"" [Track ALC001R001]. On AILLA's South American Languages Collection [Audio]. Austin: www.ailla.utexas.org (2006).",.,.,Archive of the Indigenous Languages of Latin America,.,1996,Female,p. 1,.,.,.,.
NHSDiscography-078,Dance,00:01.346,1:35.950,Chachi,NHS-C040,NHS-R20,South America,Northwestern South America,Horticulturalists,.95,-79.66670000000001,"Esmeraldas, Ecuador",http://www.worldcat.org/oclc/54832375,"""Festive song"" [Track 6]. On Lowland Tribes of Ecuador [CD]. New York: Smithsonian Folkways Recordings (2001).",.,David Blair Stiffler,.,.,pre-1986,.,p. 2,p. 5,.,"p. 4, 6",.
NHSDiscography-079,Dance,00:00.235,1:46.414,Chuuk,NHS-C064,NHS-R14,Oceania,Micronesia,Other subsistence combinations,7.53816819999999,149.421444,"Lukaf, Pulap, Chuuk, Federated States of Micronesia",http://www.worldcat.org/oclc/34256918,"""Men's standing dance"" [Track 25]. On Spirit of Micronesia [CD]. Wotton-under-Edge, Gloucestershire, United Kingdom: Saydisc Records (1995).",.,David Fanshawe,.,Stellavox SR8/SP8,1984,Male,p. 13,p. 13,.,p. 4,.
NHSDiscography-080,Healing,00:01.445,1:56.631,Quechan,NHS-C015,NHS-R29,North America,Southwest and Basin,Intensive agriculturalists,32.784444,-114.645278,"Yuma Reservation, California, USA",http://www.worldcat.org/oclc/45107180,"""Third song when treating the sick"" [Track 8]. On Healing Songs of the American Indians [CD]. New York: Smithsonian Folkways Records (2000).",.,Frances Densmore,Bureau of American Ethnology,Phonograph cylinder,1922,Male,p. 7,p. 7,.,.,p. 7
NHSDiscography-081,Healing,00:00.247,0:32.225,Hawaiians,NHS-C019,NHS-R22,Oceania,Polynesia,Intensive agriculturalists,19.3758333,-155.8986111,"Kalāhiki, South Kona, Hawaii, USA",http://www.worldcat.org/oclc/123093348,"""Mele pule ho'ola no Hi'iaka, prayer chant for healing"" [Track 4]. On Na Leo Hawai'i Kahiko: Voices of Old Hawaii [CD]. Honolulu: Bernice P. Bishop Museum (1997).",.,"Helen H. Roberts, Kenneth Emory, or Theodore Kelsey",.,.,1923-1933,Male,p. 5,"pp. 2, 5",p. 5,.,.
NHSDiscography-082,Dance,00:00.374,0:59.498,Kanaks,NHS-C093,NHS-R13,Oceania,Melanesia,Horticulturalists,-21.1,167.82,"Tiga Island, Loyalty Islands, New Caledonia",http://www.worldcat.org/oclc/32292076,"""Dance of Tiga: Uke cao naso"""" [Track 12]. On Chants Kanaks [CD]. Arles, France: Harmonia Mundi (1990).",.,"Jean-Michel Beaudet, Lionel Weiri","Centre national de la recherche scientifique, Musée de l'Homme",.,1986,Both sexes,p. 22,p. 22,.,p. 2,.
NHSDiscography-083,Healing,00:26.099,3:38.844,Tunisians,NHS-C025,NHS-R17,Africa,Northern Africa,Intensive agriculturalists,36.79,10,"Tunis, Tunisia",http://www.worldcat.org/oclc/758855535,"""Sīdī bū ra's el-‘ajmī"" [Track 4]. On Stambeli: Music, Trance, and Alterity in Tunisia [CD]. Chicago: University of Chicago Press (2010).",.,Richard C. Jankowsky,Tufts University,.,2009,.,p. 20,"pp. 8-9, 10, 12-15,17-18","pp. 10, 14",.,.
NHSDiscography-084,Dance,00:01.025,3:00.669,Kurds,NHS-C037,NHS-R15,Middle East,Middle East,Pastoralists,36.5802466014986,46.2826538085937,"Yekşawa, Iran",http://www.worldcat.org/oclc/3237924,"""Royne: Çî bû çit lê kirdim"" [Side B, Track 5]. On Kurdish Folk Music from Western Iran [CD]. New York: Folkways Records (1966).",.,Dieter and Nerthus Christensen,.,"Battery-operated portable Butoba TS 61 tape recorder, dual track BASF LGS 52 tape, Sennheiser MD 19 and MD 21 microphones",1962,Male,p. 12,p. 12,p. 12,p. 5,.
NHSDiscography-085,Love,00:01.117,2:38.972,Amhara,NHS-C114,NHS-R09,Africa,Eastern Africa,Intensive agriculturalists,11.6608,37.9578,"Amhara Region, Ethiopia",http://www.worldcat.org/oclc/2135349,"""Shemonmuanaye"" [Side 2, Track 1]. On The Music of Ethiopia: Azmari Music of the Amharas [LP]. New York: Anthology Record and Tape Corporation (1969).",.,Ashenafi Kebede,Wesleyan University,.,1967,Male,p. 7,p. 7,.,.,"pp. 4, 8"
NHSDiscography-086,Love,03:45.216,4:31.229,Mi'kmaq,NHS-C069,NHS-R11,North America,Eastern Woodlands,Hunter-gatherers,46.967816,-65.6338448999999,"Eel Ground, New Brunswick, Canada",http://www.worldcat.org/oclc/17392137,"""Micmac love song; Lenny Ward"" [ATL 8861, Track 1.13]. On United States, Virginia and Maine; Canada, Quebec, New Brunswick, and Newfoundland; Various North American Indian Groups, 1909-1911 [Cylinder]. Bloomington, Indiana, USA: Indiana University Press (1979).",.,Wilson D. Wallis,.,Phonograph cylinder,1911,Male,p. 5,p. 5,.,.,.
NHSDiscography-087,Lullaby,00:29.390,1:25.721,Haida,NHS-C049,NHS-R19,North America,Northwest Coast and California,Hunter-gatherers,51.922753,-129.9173008,"Queen Charlotte Islands, British Columbia, Canada",http://www.worldcat.org/oclc/51600680,"""Lullaby song"" [Disc 2, Track 2]. On Haida: Indian Music of the Pacific Northwest [CD]. New York: Smithsonian Folkways Recordings (2001).",.,"Ida Halpern, David G. Duke",Simon Fraser University,.,1979,Female,p. 9,"pp. 9, 12",.,p. 3,.
NHSDiscography-088,Dance,00:00.064,1:32.626,Mataco,NHS-C097,NHS-R28,South America,Southern South America,Primarily hunter-gatherers,-19.1622,-61.4702,"Gran Chaco, Argentina",http://www.worldcat.org/oclc/61716018,"""Dance/chant ring of men"" [Track 5]. On Argentina: The Indians of the Gran Chaco [CD]. New York: Lyrichord Discs Inc (2005). ",.,.,.,.,1974,.,p. 2,p. 2,.,.,.
NHSDiscography-089,Dance,00:01.333,2:07.760,Saramaka,NHS-C009,NHS-R01,South America,Amazon and Orinoco,Other subsistence combinations,4.028273,-55.468726,"Godo, Suriname",http://www.worldcat.org/oclc/10186774,"""Alesingo"" [Side 1, Track 3]. On From Slavery to Freedom: Music of the Saramaka Maroons, Suriname [LP]. New York: Lyrichord Discs . (1981).",.,Verna Gillis,.,.,1977,.,p. 2,p. 2,.,p. 2,p. 2
NHSDiscography-090,Dance,00:35.747,3:41.241,Mentawaians,NHS-C101,NHS-R25,Asia,Southeast Asia,Horticulturalists,-1.5594179,99.03499769999991,"Madobag, South Siberut, Kepulauan Mentawai, West Sumatra, Indonesia",http://www.worldcat.org/oclc/34588212,"""Urai turuk bilou"" [Track 16]. On Music of Indonesia: Music from the Forests of Riau and Mentawai [CD]. Washington, D.C.: Smithsonian/Folkways Recordings (1995).",.,Philip Yampolsky,Indonesian Society for the Performing Arts (MSPI),"Sony TCD-D10 Pro DAT recorder, Sonosax SX-PR mixer, Sennheiser MKH-40s and Electro-Voice RE-18s microphones",1992,Male,p. 13,p.13,.,p. 4,.
NHSDiscography-091,Dance,00:01.322,4:53.987,Ewe,NHS-C035,NHS-R30,Africa,Western Africa,Horticulturalists,6.03,.99,"Anlo-Afiadenyigba, Volta Region, Ghana",http://www.worldcat.org/oclc/46653256,"""Agbadza"" [Track 2]. On Ghana Rhythms of the People: Traditional Music and Dance of the Ewe, Dagbamba, Fante, and Ga People [CD]. Montpelier, Vermont, USA: Multicultural Media (2000).",.,"Paschal Yao Younge, Maria A. Billings","Wester Virginia University, Longy School of Music, New England Conservatory of Music",.,1997,Male,p. 10,p. 10,.,p. 2,.
NHSDiscography-092,Love,00:02.651,1:49.087,Thakali,NHS-C102,NHS-R24,Asia,South Asia,Agro-pastoralists,28.7768018,83.570964,"Tukuche, Mid-Western Development Region, Nepal",http://www.worldcat.org/oclc/6290866,"""Nepali love song"" [Side 1, Track 1]. On Songs and Dances of Nepal [LP]. New York: Folkways Records (1964).",.,Caspar Cronk,.,"Mylar magnetic tape, Nagra III B tape recorder, MD 21 microphone",1959,Male,p. 5,p. 5,.,p. 5,.
NHSDiscography-093,Lullaby,00:00.147,2:39.074,Kuna,NHS-C082,NHS-R06,Middle America and the Caribbean,Central America,Horticulturalists,9.57,-78.81999999999999,"San Blas Islands, Panama",http://www.worldcat.org/oclc/49687253,"""Lullaby for a little boy"" [Track 2]. On Music of the Indians of Panama: The Cuna (Tule) & Chocoe (Embera) Tribes [CD]. New York: Smithsonian Folkways Records (2001).",.,David Blair Stiffler,.,.,pre-1983,Female,p. 3,pp. 2-3,p. 3,.,.
NHSDiscography-094,Love,00:14.418,1:23.201,Chuuk,NHS-C064,NHS-R14,Oceania,Micronesia,Other subsistence combinations,7.41888889999999,151.731944399999,"Truk Island, Caroline Islands, Federated States of Micronesia",http://www.worldcat.org/oclc/883842392,"""Angi: Love song to a married woman” [Disc 1, Side B, Track 10]. On The Demonstration Collection of E.M. von Hornbostel and the Berlin Phonogramm-Archiv [LP]. New York: Folkways Records (1963).",.,Augustin Krämer,.,Phonograph cylinder,1907,Male,p. 30,p. 30,p. 30,.,.
NHSDiscography-095,Lullaby,00:13.048,1:00.545,Ona,NHS-C022,NHS-R28,South America,Southern South America,Hunter-gatherers,-54.5568892,-67.7198118999999,"Lake Fagnano, Argentina",http://www.worldcat.org/oclc/51990086,"""Lullaby no. 45"" [Disc 2, Track 29]. On Selk'nam Chants of Tierra del Fuego, Argentina Vol 1 [CD]. New York: Smithsonian/Folkways Recordings (2004).",.,Anne Chapman,"Musée de l'Homme, Wenner-Gren Foundation",UHER recorder,1966,.,p. 15,"pp. 12, 15",.,.,p. 5
NHSDiscography-096,Healing,00:05.188,1:43.687,Ojibwa,NHS-C042,NHS-R02,North America,Arctic and Subarctic,Hunter-gatherers,48.16,-95.09999999999999,"Waba cing, Minnesota, USA",http://www.worldcat.org/oclc/45107180,"""The approach of the thunderbirds"" [Track 1]. On Healing Songs of the American Indians [CD]. New York: Folkways Records (2000).",.,Frances Densmore,Bureau of American Ethnology,Phonograph cylinder,1909,.,p. 5,pp. 4-5,p. 5,.,p. 5
NHSDiscography-097,Love,00:00.728,2:16.342,Serbs,NHS-C023,NHS-R26,Europe,Southeastern Europe,Intensive agriculturalists,42.86,21.88,"Brza, Serbia",http://www.worldcat.org/oclc/44399671,"""Omile mi un selo devojče (I fell in love with a girl in the village)"" [Track 27]. On Serbia: An Anthology of Serbian Folk Music [CD]. Lausanne, Switzerland: VDE-GALLO Records (1999).",.,"Dimitrije O. Golemović, Dragoslav Dević, Katarina Knežević",.,"Uher 4400 and Nagra tape recorders, Sony TC-D5 PRO cassette recorder, DAT recorder",1990,.,p. 14,p. 14,.,p. 3,.
NHSDiscography-098,Dance,00:11.190,3:12.181,Tzeltal,NHS-C055,NHS-R12,Middle America and the Caribbean,Maya Area,Horticulturalists,16.605,-92.643,"Chiapas Highlands, Chiapas, Mexico",http://www.worldcat.org/oclc/56131430,"""El bolonchón"" [Track 12]. On Música Indígena de los Altos de Chiapas [CD]. Mexico City: Instituto Nacional de Antropología e Historia (2002).",.,Arturo Warman,.,.,pre-1972,.,p. 19,p. 19,.,p. 8,"pp. 14, 20 "
NHSDiscography-099,Lullaby,00:00.630,0:44.488,Iglulik Inuit,NHS-C057,NHS-R02,North America,Arctic and Subarctic,Hunter-gatherers,73.0375749999999,-85.148031,"Arctic Bay, Nunavut, Canada",http://www.worldcat.org/oclc/65196223,"""Lullabies and aqausiit: Lullaby"" [Track 37]. On Songs of the Inuit Iglulik [CD]. Barcelona: Witness (2004).",.,Paula Conlon,.,"UHER 4200 and 4400, 2 microphones",1985,.,p. 6,p. 6,.,p. 4,.
NHSDiscography-100,Lullaby,00:00.332,0:46.461,Q'ero Quichua,NHS-C094,NHS-R07,South America,Central Andes,Agro-pastoralists,-13.3140102,-71.5931656999999,"Beyond the towns of Paucartambo and Ocongate, Cusco, Peru",http://www.worldcat.org/oclc/38134878,"""Lullaby"" [Track 32]. On Mountain Music of Peru [CD]. Washington, D.C.: Smithsonian Folkways Records (1991).",.,John Cohen,State University of New York at Purchase,"Nagra tape recorder, AKCD-24 microphone",1964,Female,p. 6,pp. 5-6,p. 6,.,.
NHSDiscography-101,Lullaby,00:02.032,0:30.746,Iroquois,NHS-C002,NHS-R11,North America,Eastern Woodlands,Horticulturalists,45.5518456999999,-73.72,"South side of St. Lawrence River, 10 miles west of Montreal, Canada",http://www.worldcat.org/oclc/318879578,"""Iroqois lullaby"" [Side 1, Track 2]. On Canada's Story in Song [LP]. New York: Folkways Records (1960).",.,Alan Mills,.,.,.,Male,p. 3,p. 3,p. 3,.,.
NHSDiscography-102,Healing,00:09.811,3:39.851,Nanai,NHS-C106,NHS-R16,Asia,North Asia,Primarily hunter-gatherers,49.508201,136.914004,"Lidoga, Russia",http://www.worldcat.org/oclc/40051731,"""Shamanic song with uŋtu drum"" [Track 8]. On Chants Chamaniques et Quotidiens du Bassin de l'Amour [CD]. Paris: Buda Musique (1997).",.,Henri Lecomte,Institut national des langues et civilisations orientales,.,1996,Female,p. 26,p. 26,p. 26,p. 2,.
NHSDiscography-103,Dance,00:00.225,1:19.761,Highland Scots,NHS-C078,NHS-R04,Europe,British Isles,Other subsistence combinations,57.62047,-7.33078,"Outer Hebrides, United Kingdom ",http://www.worldcat.org/oclc/74386532,"""Puirt-a-beul"" [Side 1, Track 3]. On Songs And Pipes of the Hebrides [LP]. New York: Folkways Records (1961).",.,Polly Hitchcock,.,.,pre-1952,Male,p. 4,p. 4,.,.,.
NHSDiscography-104,Love,00:00.485,2:19.462,Kurds,NHS-C037,NHS-R15,Middle East,Middle East,Pastoralists,36.9981656570022,45.50537109375,"Indirgas, Iran",http://www.worldcat.org/oclc/3237924,"""Heyran"" [Side 2, Track 2]. On Kurdish Folk Music from Western Iran [LP]. New York: Folkways Records (1966).",.,Dieter and Nerthus Christensen,.,"Battery-operated portable Butoba TS 61 tape recorder, dual track BASF LGS 52 tape, Sennheiser MD 19 and MD 21 microphones",1962,Male,p. 11,p. 11,p. 11,p. 5,.
NHSDiscography-105,Love,00:00.370,1:34.774,Kelabit,NHS-C071,NHS-R25,Asia,Southeast Asia,Horticulturalists,-3.0926415,115.283758499999,"South Kalimantan, Indonesia",http://www.worldcat.org/oclc/42385304,"""Adtah ulus lagku ai-ai - kelabit"" [Track 11]. On Bornéo: Music of the Dayak and of the Punan [CD]. Paris: Buda Musique (1999).",.,Manuel Gomes,.,.,1997-1998,Male,p. 12,"pp. 12, 15",.,.,.
NHSDiscography-106,Dance,00:05.300,0:52.545,Chukchee,NHS-C016,NHS-R16,Asia,North Asia,Pastoralists,65.6298355,171.6952159,"Chukotka Autonomous Okrug, Russia",http://www.worldcat.org/oclc/40405295,"""La danse des coquillages / Shell dance"" [Track 1]. On Russian Far North: The Chukchi [CD]. Boulogne, France: PlayaSound (1997).",.,Cécile Gueunoun,.,.,pre-1997,Female,p. 2,"pp. 4, 5",.,.,.
NHSDiscography-107,Healing,00:00.031,0:37.321,Mataco,NHS-C097,NHS-R28,South America,Southern South America,Primarily hunter-gatherers,-19.1622,-61.4702,"Gran Chaco, Argentina",http://www.worldcat.org/oclc/61716018,"""Poisonous bites song"" [Track 14]. On Argentina: The Indians of the Gran Chaco [CD]. New York: Lyrichord Discs Inc (2005). ",.,.,.,.,1974,.,p. 2,p. 2,.,.,.
NHSDiscography-108,Healing,05:13.525,6:46.147,Walbiri,NHS-C105,NHS-R03,Oceania,Australia,Hunter-gatherers,-25,135,Central and North-Central Australia,http://www.worldcat.org/oclc/42821441,"""Women's secret Yowalyu ceremonies"" [Track 37A]. On Australian and New Guinea musical records (LP). Sydney, Australia: University of Sydney (1957).","Elkin, A. P. “Australian and New Guinea Musical Records.” Oceania, vol. 27, no. 4, 1957, pp. 313–319. JSTOR, www.jstor.org/stable/40329063.",A.P. Elkin,University of Sydney,Spring-driven hand portable macahine,1953,.,p. 5,p. 5,.,.,.
NHSDiscography-109,Healing,04:28.737,4:47.581,Kogi,NHS-C074,NHS-R20,South America,Northwestern South America,Horticulturalists,10.83,-73.69,"Sierra Nevada de Santa Marta, Aracataca, Magdalena, Colombia",http://www.worldcat.org/oclc/38544330,"""Canto 'de curación'"" [Side 1, Track 7]. On Música Indígena y Folklórica de Colombia [LP]. Colombia: Importaciones Daro (1971).",.,"Misión Colombo-Británica, Carlos Garibello, Manuel Benavides",.,.,1971,.,p. 2,.,.,p. 1,p. 2
NHSDiscography-110,Dance,00:02.553,2:46.615,Hopi,NHS-C067,NHS-R29,North America,Southwest and Basin,Intensive agriculturalists,34,-112,"Arizona, USA",http://www.worldcat.org/oclc/48549360,"""Hoop dance song"" [Track 14]. On Hopi Katcina Songs and Six Other Songs by Hopi Chanters [CD]. New York: Smithsonian Folkways Recordings (2001).",.,Jesse Walter Fewkes,"Bureau of American Ethnology, Smithsonian Institution",phonograph,1924,.,p. 5,p. 5,.,.,.
NHSDiscography-111,Lullaby,00:03.111,1:26.700,Hopi,NHS-C067,NHS-R29,North America,Southwest and Basin,Intensive agriculturalists,36.05,-106.07,"Northeastern Arizona/Northwestern New Mexico, USA",http://www.worldcat.org/oclc/50127238,"""Sleep song"" [Track 8]. On A Cry from the Earth: Music of the North American Indians [CD]. New York: Smithsonian Folkways Recordings (2001).",.,William Rhodes,"Archive of Folk Song, Library of Congress",.,1950,Male,p. 4,p. 4,p. 4,p. 2,.
NHSDiscography-112,Healing,00:20.913,2:36.650,Otavalo Quichua,NHS-C065,NHS-R07,South America,Central Andes,Horticulturalists,.2354,-78.2616,"Otavalo, Ecuador",http://www.worldcat.org/oclc/36445854,"""Séance de guérison magique"" [Side B, Track 2-3]. On Equateur: Indiens Jivaro, Cayapa, Otavalo [LP]. Paris: Vogue Contrepoint (1960).",.,Philippe Luzuy,.,.,pre-1960,Male,p. 2,p. 2,.,.,.
NHSDiscography-113,Healing,00:00.827,0:34.030,Ganda,NHS-C017,NHS-R09,Africa,Eastern Africa,Intensive agriculturalists,.960551,31.431355,"Nkoko, Uganda",http://www.worldcat.org/oclc/37001025,"""Traditional doctor's cure"" [Track 7]. On Uganda and Other African Nations: Feasts of the Savanna: Feasts of the Savanna: A Musical Journey through East and West Africa [CD]. Barre, VT: Multicultural Media (1997).",.,Jun Mori,"Osaka University of the Arts, National Museum of Ethnology",.,1970,.,p. 10,p. 10,.,p. 2,p. 10
NHSDiscography-114,Lullaby,00:01.528,1:16.017,Yapese,NHS-C096,NHS-R14,Oceania,Micronesia,Horticulturalists,7.37555559999999,143.913888899999,"Falalop, Woleai, Yap, Federated States of Micronesia",http://www.worldcat.org/oclc/34256918,"""Cradle song"" [Track 31]. On Spirit of Micronesia [CD]. (1995). Great Britain: Saydisc Records (1995).",.,David Fanshawe,.,Stellavox SR8/SP8,1984,Female,p. 15,p. 15,.,p. 4,p. 22
NHSDiscography-115,Dance,12:20.918,14:34.103,Yaqui,NHS-C089,NHS-R18,Middle America and the Caribbean,Northern Mexico,Intensive agriculturalists,27.6444484,-110.2956136,"Vicam, Sonora, Mexico",http://www.worldcat.org/oclc/3085331,"""Baile del venado: El palo verde"" [Side 1, Track 10]. On Folk Music of Mexico [LP]. Washington, D.C.: Library of Congress (1959).",.,Henrietta Yurchenco,"Archive of Folk Song, Library of Congress",portable equipment,1946,.,p. 2,p. 2,.,.,.
NHSDiscography-116,Healing,00:01.674,1:09.784,Mbuti,NHS-C092,NHS-R05,Africa,Central Africa,Hunter-gatherers,1.5571,28.4491,"Ituri Forest, Gombari District, Congo",http://www.worldcat.org/oclc/12881597,"""Curative song"" [Side B, Track 9]. On TR-125: Sons d' Afrique (Congo Mbuti/Pygmy) [LP]. Johannesburg: International Library of African Music (1952).","Tracey, Hugh. 1973. ""Catalogue: The Sound of Africa Series: 210 Long Playing Records of Music and Songs from Central, Eastern, and Southern Africa."" Vol. 1-2. International Library of African Music.",Hugh Tracey,International Library of African Music,.,1952,Male,p. 6,p. 6,.,.,p. 4
NHSDiscography-117,Lullaby,00:01.239,1:36.873,Phunoi,NHS-C113,NHS-R25,Asia,Southeast Asia,Horticulturalists,21.6833,102.1,"Phongsali Province, Laos",http://www.worldcat.org/oclc/59134474,"""Berceuse / Lullaby"" [Track 18]. On Music of Laos [CD]. Paris: Maison des Cultures du Monde (2004).",.,Véronique de Lavènere,.,.,1997-2001,.,p. 11,p. 11,.,.,.
NHSDiscography-118,Love,00:00.744,3:11.466,Navajo,NHS-C107,NHS-R29,North America,Southwest and Basin,Intensive agriculturalists,36.0672173,-109.188004699999,"Navajo Nation Reservation, USA",http://www.worldcat.org/oclc/40399497,"""I didn't care"" [Track 1]. On Traditional Navajo Songs [CD]. Phoenix, Arizona: Canyon Records (1998).",.,Raymond Boley,.,.,1952-1963,Male,p. 3,p. 3,.,.,.
