cite_text,pubyear,author1_sex,author1_birthyear,author2_sex,author2_birthyear,author3_sex,author3_birthyear,author4_sex,author4_birthyear
"Arhin, Kwame. 1986. “Asante Praise Poems: The Ideology Of Patrimonialism.” Paideuma, 163–97.",1986,Male,1900,,,,,,
"Danquah, J. B. (Joseph Boakye). 1945. “Gold Coast Akan.” Africa’S Own Library. London: United Society for Christian Literature.",1945,Male,1895,,,,,,
"Danquah, J. B. (Joseph Boakye). 1928. “Gold Coast: Akan Laws And Customs And The Akim Abuakwa Constitution.” London: George Routledge & Sons, Ltd.",1928,Male,1895,,,,,,
"Arhin, Kwame. 1983. “Political And Military Roles Of Akan Women.” Female And Male In West Africa. London: Allen & Unwin.",1983,Male,1900,,,,,,
"Debrunner, Hans W. 1961. “Witchcraft In Ghana: A Study On The Belief In Destructive Witches And Its Effect On The Akan Tribes.” Accra: Presbyterian Book Depot Ltd.",1961,Male,1923,,,,,,
"Field, M. J. (Margaret Joyce). 1970. “Search For Security: An Ethno-Psychiatric Study Of Rural Ghana.” Norton Library. New York, N.Y.: W. W. Norton & Company, Inc.",1970,Female,1899,,,,,,
"Gilbert, Michelle, Robert O. Lagacé, and Ian Skoggard. 2000. “Culture Summary: Akan.” New Haven, Conn.: HRAF.",2000,Female,Unknown,Male,Unknown,Male,1953,,
"Hayford, J. E. Casely (Joseph Ephraim Casely). 1970. “Gold Coast Native Institutions With Thoughts Upon A Healthy Imperial Policy For The Gold Coast And Ashanti.” Cass Library Of African Studies. Africana Modern Library. [London]: Cass.",1970,Male,1866,,,,,,
"Rattray, R. S. (Robert Sutherland). 1923. “Ashanti.” Oxford, England: Clarendon Press.",1923,Male,1881,,,,,,
"Rattray, R. S. (Robert Sutherland). 1927. “Religion And Art In Ashanti.” Oxford, England: Clarendon Press.",1927,Male,1881,,,,,,
"Sarpong, Peter. 1977. “Girls’ Nubility Rites In Ashanti.” Tema, Ghana: Ghana Pub. Corp.",1977,Male,1933,,,,,,
"Warren, Dennis M. 1986. “Akan Of Ghana: An Overview Of The Ethnographic Literature.” Accra: Pointer Ltd.",1986,Male,1942,,,,,,
"Warren, Dennis M. 1975. “Techiman-Bono Of Ghana: An Ethnography Of An Akan Society.” Dubuque, Iowa: Kendall/Hunt Pub. Co.",1975,Male,1942,,,,,,
"Yankah, Kwesi. 1989. “Proverb In The Context Of Akan Rhetoric: A Theory Of Proverb Praxis.” Sprichwörterforschung. Bern: P. Lang.",1989,Male,Unknown,,,,,,
"Nketia, J. H. Kwabena. 1969. “Funeral Dirges Of The Akan People.” New York: Negro Universities Press.",1969,Male,1921,,,,,,
"Levine, Donald Nathan. 1965. “Wax & Gold: Tradition And Innovation In Ethiopian Culture.” Chicago: University of Chicago Press.",1965,Male,1931,,,,,,
"Messing, Simon D. (Simon David), and M. Lionel (Marvin Lionel) Bender. 1985. “Highland Plateau Amhara Of Ethiopia.” Ethnography Series. New Haven, Conn.: Human Relations Area Files.",1985,Male,Unknown,Male,1934,,,,
"Cipriani, Lidio, and D. Tayler Cox. 1966. “Andaman Islanders.” New York: Frederick A. Praeger, Inc.",1966,Male,1892,Unknown,Unknown,,,,
"Man, Edward Horace. 1932. “On The Aboriginal Inhabitants Of The Andaman Islands.” London: The Royal Anthropological Institute of Great Britain and Ireland.",1932,Male,1846,,,,,,
"Mann, Rann Singh. 1979. “Bay Islander.” Bidasa: Institute of Social Research and Applied Anthropology ; distributors, Subarnarekha.",1979,Male,1936,,,,,,
"Pandya, Vishvajit. 1995. “Culture Summary: Andamans.” New Haven, Conn.: HRAF.",1995,Male,1956,,,,,,
"Radcliffe-Brown, A. R. (Alfred Reginald). 1922. “Andaman Islanders: A Study In Social Anthropology.” Cambridge: Cambridge University Press.",1922,Male,1881,,,,,,
"Sen, Probhat Kumar. 1962. “Land & Peoples Of The Andamans: A Geographical & Socio-Economical Study With A Short Account Of The Nicobar Islands.” Calcutta: The Post-Graduate Book Mart.",1962,Unknown,Unknown,,,,,,
"Basedow, Herbert. 1925. “Australian Aboriginal.” Adelaide: F. W. Preece and sons.",1925,Male,1881,,,,,,
"Davies, E. Harold. 1927. “Aboriginal Songs.” Transactions And Proceedings Of The Royal Society Of South Australia 51 (4). Adelaide: 81–92.",1927,Male,1867,,,,,,
"Davies, E. Harold. 1932. “Aboriginal Songs Of Central And Southern Australia.” Oceania 2. Melbourne: 454–67.",1932,Male,1867,,,,,,
"Hardy, Jane Marie. 1992. “Visitors To Hermannsburg: An Essay On Cross-Cultural Learning.” Heritage Of Namatjira : The Watercolourists Of Central Australia, Edited By Jane Hardy, J. V. S. Megaw, And M. Ruth Megaw. Port Melbourne, Victoria, Australia: William Heineman Australia.",1992,Female,Unknown,,,,,,
"Morton, John. 1992. “Country, People, Art: The Western Aranda 1870-1990.” Heritage Of Namatjira : The Watercolourists Of Central Australia, Edited By Jane Hardy, J. V. S. Megaw, And M. Ruth Megaw. Port Melbourne, Victoria, Australia: William Heineman Australia.",1992,Male,Unknown,,,,,,
"Porteus, Stanley D. 1931. “Psychology Of A Primitive People: A Study Of The Australian Aborigine.” New York: Longmans, Green.",1931,Male,1883,,,,,,
"Róheim, Géza. 1945. “Eternal Ones Of The Dream: A Psychoanalytic Interpretation Of Australian Myth And Ritual.” Iup Paperback Library. New York: International Universities Press.",1945,Male,1891,,,,,,
"Róheim, Géza. 1933. “Women And Their Life In Central Australia.” Journal Of The Royal Anthropological Institute Of Great Britain And Ireland 63. London: 207–65.",1933,Male,1891,,,,,,
"Schulze, Louis Gustav, and J. G. O. Tepper. 1891. “Aborigines Of The Upper And Middle Finke River: Their Habits And Customs, With Introductory Notes On The Physical And Natural-History Features Of The Country.” Transactions And Proceedings And Reports Of The Royal Society Of South Australia 14. Adelaide: 210–46.",1891,Male,1851,Male,1841,,,,
"Spencer Sir, Baldwin, and Francis James Gillen. 1927. “Arunta: A Study Of A Stone Age People.” London: Macmillan and co., limited.",1927,Male,1860,Male,1855,,,,
"Strehlow, Carl. 1910. “Aranda And Loritja Tribes In Central Australia, 3: The Totemistic Cults Of The Aranda And Loritja, 1 : General Introduction And The Totemistic Cults Of The Aranda Tribe.” Veröffentlichungen Aus Dem Städtischen Völker-Museum. Frankfurt Am Main: Joseph Baer und Co.",1910,Male,1871,,,,,,
"Strehlow, Theodor Georg Heinrich. 1947. “Aranda Traditions.” [Melbourne]: Melbourne University Press.",1947,Male,1908,,,,,,
"Yallop, C. L. 1969. “Aljawara And Their Territory.” Oceania 39 (3): [187] – 197.",1969,Male,Unknown,,,,,,
"Bouroncle Carreón, Alfonso, and Sidney Muirden. 1964. “Contribution To The Study Of The Aymara.” América Indígena 24 (2): 129–69, 233–69 [HRAF translation ms.: 98 ].",1964,Male,Unknown,Male,1926,,,,
"Buechler, Hans C., and Judith-Maria Buechler. 1971. “Bolivian Aymara.” New York: Holt, Rinehart and Winston.",1971,Male,1940,Female,Unknown,,,,
"Tschopik Jr, Harry. 1946. “Aymara.” Bulletin. Washington, D.C.: Smithsonian Institution.",1946,Male,1915,,,,,,
"Hickman, John Marshall. 1971. “Aymara Of Chinchera, Peru: Persistence And Change In A Bicultural Context.” Ann Arbor, Mich.: University Microfilms.",1971,Male,1900,,,,,,
"Chervin, Arthur. 1913. “Aymaras And Quichuas: A Study Of Bolivian Anthropology.” Proceedings Of The International Congress Of Americanists, 63–74.",1913,Male,1850,,,,,,
"Métraux, Alfred, and Priscilla Reynolds. 1934. “Contribution To Andean Folklore.” Journal De La Société Des Américanistes 26: 67–102 [HRAF translation ms.: 46 ].",1932,Male,1902,Female,Unknown,,,,
"Evans-Pritchard, E. E. (Edward Evan. 1936. “Zande Theology.” Sudan Notes And Records. [s.n.].",1936,Male,1902,,,,,,
"Larken, P. M. 1926–1927. “Account Of The Zande.” Sudan Notes And Records. Khartoum: [s.n.].",1926,Male,Unknown,,,,,,
"Evans-Pritchard, E. E. (Edward Evan). 1928. “Dance.” Africa. London: Oxford University Press.",1928,Male,1902,,,,,,
"Evans-Pritchard, E. E. (Edward Evan). 1957. “Zande Warfare.” Anthropos 52. Posieux (Freiburg), Schweiz: 239–62.",1957,Male,1902,,,,,,
"Evans-Pritchard, E. E. (Edward Evan). 1971. “Azande: History And Political Institutions.” Oxford: Clarendon Press.",1971,Male,1902,,,,,,
"Evans-Pritchard, E. E. (Edward Evan). 1937. “Witchcraft, Oracles And Magic Among The Azande.” Oxford: Clarendon Press.",1937,Male,1902,,,,,,
"Gillies, Eva, and John Beierle. 1999. “Culture Summary: Azande.” New Haven, Conn.: HRAF.",1999,Female,1930,Male,Unknown,,,,
"Evans-Pritchard, E. E. (Edward Evan). 1962. “Zande Kings And Princes.” Essays In Social Anthropology. London: Faber and Faber.",1962,Male,1902,,,,,,
"Junker, Wilhelm. 1892. “Travels In Africa During The Years 1882-1886.” London: Chapman and Hall, Ltd.",1892,Male,1840,,,,,,
"Seligman, C. G. (Charles Gabriel), and Brenda Z. (Salaman) Seligman. 1932. “Azande.” Pagan Tribes Of The Nilotic Sudan. London: George Routledge and Sons, Ltd.",1932,Male,1873,Female,1882,,,,
"Alzevedo, Thales de, and Frieda Schütze. 1953. “Colored Elite In A Brazilian City.” Paris: UNESCO.",1953,Male,1904,Female,Unknown,,,,
"Borges, Dain Edward. 1994. “Family In Bahia, Brazil, 1870-1945.” Stanford, Calif.: Stanford University Press.",1994,Male,1954,,,,,,
"Dunn, Christopher. 1992. “Afro-Bahian Carnival: A Stage For Protest.” Afro-Hispanic Review 11 (1-3). Washington, D.C.: 11–20.",1992,Male,Unknown,,,,,,
"Hutchinson, Harry William. 1957. “Village And Plantation Life In Northeastern Brazil.” Seattle: University of Washington Press.",1957,Male,Unknown,,,,,,
"Pierson, Donald, and Herman R. Lantz. 1967. “Negroes In Brazil.” Perspectives In Sociology. Carbondale: Southern Illinois University Press.",1967,Male,1900,Male,1920,,,,
"Hinfelaar, Hugo F. 1994. “Bemba-Speaking Women Of Zambia In A Century Of Religious Change (1892-1992).” Studies Of Religion In Africa : S To The Journal Of Religion In Africa. Leiden: E. J. Brill.",1994,Male,1934,,,,,,
"Maxwell, Kevin B. (Kevin Burns). 1983. “Bemba Myth And Ritual: The Impact Of Literacy On An Oral Culture.” American University Studies. New York: P. Lang.",1983,Male,1941,,,,,,
"Richards, Audrey I. (Audrey Isabel). 1956. “Chisungu: A Girls’ Initiation Ceremony Among The Bemba Of Northern Rhodesia.” London, England: Faber and Faber.",1956,Female,1899,,,,,,
"Richards, Audrey I. (Audrey Isabel). 1939. “Land, Labour And Diet In Northern Rhodesia: An Economic Study Of The Bemba Tribe.” Pub. for the International Institute of African Languages & Cultures by the Oxford University Press.",1939,Female,1899,,,,,,
"Conaty, Gerald T. 1995. “Comments And Reflections: Economic Models And Blackfoot Ideology.” American Ethnologist 22 (2). [Washington]: 403–12.",1995,Male,1953,,,,,,
"Conaty, Gerald T., and John Beierle. 1999. “Culture Summary: Blackfoot.” New Haven, Conn.: HRAF.",1999,Male,1953,,,,,,
"Dempsey, Hugh Aylmer. 1978. “Charcoal’S World.” Saskatoon: Western Producer Prairie Books.",1978,Male,1929,,,,,,
"Ewers, John Canfield. 1958. “Blackfeet: Raiders Of The Northwestern Plains.” Civilization Of The American Indian. Norman: University of Oklahoma Press.",1958,Male,1909,,,,,,
"Ewers, John Canfield. 1955. “Horse In Blackfoot Indian Culture, With Comparative Material From Other Western Tribes.” Bulletin. Washington: U. S. Govt. Print. Off.",1955,Male,1909,,,,,,
"Grinnell, George Bird. 1962. “Blackfoot Lodge Tales: The Story Of A Prairie People.” Lincoln: University of Nebraska Press.",1962,Male,1849,,,,,,
"Hanks, Lucien M. (Lucien Mason), and Jane Richardson. 1966. “Observations On Northern Blackfoot Kinship.” Monographs. Seattle: University of Washington Press.",1966,Male,1910,Female,1908,,,,
"Hellson, John C. 1974. “Ethnobotany Of The Blackfoot Indians.” Mercury Series. Ottawa: National Museums of Canada.",1974,Male,1932,,,,,,
"Hungry Wolf, Adolf. 1977. “Blood People: A Division Of The Blackfoot Confederacy : An Illustrated Interpretation Of The Old Ways.” New York: Harper &Row.",1977,Male,1944,,,,,,
"Hungry Wolf, Beverly. 1980. “Ways Of My Grandmothers.” New York: Morrow.",1980,Female,1950,,,,,,
"McClintock, Walter. 1968. “Old North Trail: Or, Life, Legends And Religion Of The Blackfeet Indians.” Linclon: University of Nebraska Press.",1968,Male,1870,,,,,,
"Lancaster, Richard. 1966. “Piegan: A Look From Within At The Life, Times, And Legacy Of An American Indian Tribe.” Garden City, N. Y.: Doubleday.",1966,Male,Unknown,,,,,,
"Mountain Horse, Mike. 1979. “My People, The Bloods.” Calgary: Glenbow-Alberta Institute ; Blood Tribal Council.",1979,Male,1888,,,,,,
"McFee, Malcolm. 1972. “Modern Blackfeet; Montanans On A Reservation.” Case Studies In Cultural Anthropology. New York: Holt, Rinehart and Winston.",1972,Male,Unknown,,,,,,
"Schultz, James Willard. 1980. “Blackfeet And Buffalo: Memories Of Life Among The Indians.” Norman: University of Oklahoma Press.",1980,Male,1859,,,,,,
"Schultz, James Willard, and Jessie Louise Donaldson. 1930. “Sun God’S Children.” Boston And New York: Houghton Mifflin Co.",1930,Male,1859,Female,1887,,,,
"Wissler, Clark. 1913. “Societies And Dance Associations Of The Blackfoot Indians.” Anthropological Papers Of The American Museum Of Natural History. New York: The Trustees.",1913,Male,1870,,,,,,
"Wissler, Clark. 1918. “Sun Dance Of The Blackfoot Indians.” Anthropological Papers. New York: The Trustees.",1918,Male,1870,,,,,,
"Wissler, Clark. 1911. “Social Life Of The Blackfoot Indians.” Anthropological Papers. New York: The Trustees.",1911,Male,1870,,,,,,
"Baldus, Herbert, and Ivana Lillios. 1937. “Social Position Of The Woman Among The Eastern Bororo.” Ensaios De Etnologia Brasileira, By Herbert Baldus. Sao Paulo, Brazil: Companhia Editora Nacional.",1937,Male,1899,Female,Unknown,,,,
"Colbacchini, Antonio, Cesar Albisetti, Ivana Lillios, and Brazil (State) Missao Salesiana Matto Grosso. 1942. “Eastern Bororo Orarimogodogue Of The Eastern Plateau Of Mato Grosso.” Brasiliana (Grande Formato). Rio De Janiero, Brazil: Companhia Editora Nacional.",1942,Male,1881,Male,1888,Female,Unknown,,
"Cook, William Azel. 1907. “Bororó Indians Of Matto Grosso, Brazil.” Smithsonian Miscellaneous Collections. Washington, D.C.: Smithsonian Institution.",1907,Male,Unknown,,,,,,
"Cook, William Azel. 1909. “Through The Wilderness Of Brazil By Horse, Canoe And Float.” New York: American Tract Society.",1909,Male,Unknown,,,,,,
"Kozák, Vladimír. 1963. “Ritual Of A Bororo Funeral.” Natural History 72 (1). New York: 38–49.",1963,Male,1897,,,,,,
"Levak, Zarko David. 1974. “Kinship System And Social Structure Of The Bororo Of Pobojari.” Ann Arbor, Michigan: University Microfilms.",1974,Male,1934,,,,,,
"Petrullo, Vincent M. 1932. “Primitive Peoples Of Matto Grosso Brazil.” Museum Journal 23. Philadelphia, Pa.: 81–180 , 25 plates.",1932,Male,1906,,,,,,
"Fabian, Stephen Michael. 1992. “Space-Time Of The Bororo Of Brazil.” Gainesville, Fla.: University Press of Florida.",1992,Male,Unknown,,,,,,
"Lévi-Strauss, Claude. 1938. “Contribution To The Study Of The Social Organization Of The Bororo Indians.” Journal De La Société Des Américanistes 28. Paris: 269–304 , 4 plates.",1938,Male,1908,,,,,,
"Pongsapich, Amara, James Hafner, Suriya Veeravongs, and Napas Sirisumbhand. 1979. “Institutional And Human Resources Development In The Chonburi Region.” Bangkok, Thailand: Chulalongkorn University Social Science Research Institute.",1979,Female,1945,Male,Unknown,Female,Unknown,Unknown,Unknown
"Attagara, Kingkeo. 1984. “Folk Religion Of Ban Nai, A Hamlet In Central Thailand.” Ann Arbor, Michigan: University Microfilms.",1984,Female,1938,,,,,,
"Hanks, Lucien M. (Lucien Mason). 1972. “Rice And Man: Agricultural Ecology In Southeast Asia.” Worlds Of Man. Chicago, Ill.: Aldine Atherton.",1972,Male,1910,,,,,,
"Kaufman, Howard Keva. 1960. “Bangkhuad: A Community Study In Thailand.” Monographs. Locust Valley, N.Y.: Published for the Association for Asian Studies by.",1960,Male,1922,,,,,,
"Bamrungsuk, Sumālī. 1995. “Love And Marriage: Mate Selection In Tewntieth-Century Central Thailand.” Chulalongkåonmahawitthayalai. Thai Studies. Bangkok, Thailand: Produced by Thai Studies Section Faculty of Arts, Chulalongkorn University, Chulalongkorn University Press.",1995,Unknown,Unknown,,,,,,
"Sharp, Lauriston, and Lucien M. (Lucien Mason) Hanks. 1978. “Bang Chan: Social History Of A Rural Community In Thai.” Cornell Studies In Anthropology. Ithaca, N.Y.: Cornell University Press.",1978,Male,1907,Male,1910,,,,
"Textor, Robert B., Cornell University. Southeast Asia Program, and Yale University. Southeast Asia Studies. 1973. “Roster Of The Gods: An Ethnography Of The Supernatural In A Thai Village.” Ethnography Series. New Haven, Conn.: Human Relations Area Files.",1973,Male,1923,,,,,,
"Bogoraz-Tan, Waldemar), Vladimir Germanovich (Bogoras. 1910. “Chukchee Mythology: Chukchee Texts [Part 1], Chukchee Tales [Part 2].” Memoirs. Leiden: E. J. Brill, Ltd. ; G. E. Stechert and Co.",1910,Male,1865,,,,,,
"Sverdrup, Harald Ulrich. 1938. “With The People Of The Tundra.” Oslo, Norway: Gyldendal Norsk Forlag.",1938,Male,1888,,,,,,
"Hooper, William Hulme. 1853. “Ten Months Among The Tents Of The Tuski: With Incidents Of An Arctic Boat Expedition In Search Of Sir John Franklin, As Far As The Mackenzie River And Cape Bathurst.” London: John Murray.",1853,Male,1827,,,,,,
"Nordenskiold, A. E. (Adolf Erik), and Alexander Leslie. 1882. “Voyage Of The Vega Round Asia And Europe, With A Historical Review Of Previous Journeys Along The North Coast Of The Old World.” New York: Macmillan and Co.",1882,Male,1832,Unknown,Unknown,,,,
"Zhornitskaya, Maria, and V. Wanner. 1996. “Culture Summary: Chukchee.” New Haven, Conn.: HRAF.",1996,Female,Unknown,Unknown,Unknown,,,,
"Antropova, V. V., and V. G. Kuznetsova. 1964. “Chukchi.” Peoples Of Siberia, Edited By M. G. Levin And L. P. Potapov. Chicago And London: University of Chicago Press.",1909,Female,Unknown,,,,,,
"Bollig, Laurentius. 1927. “Inhabitants Of The Truk Islands: Religion, Life And A Short Grammar Of A Micronesian People.” Munster I W.: Aschendorff.",1927,Male,Unknown,,,,,,
"Gladwin, Thomas, and Seymour Bernard Sarason. 1953. “Truk: Man In Paradise.” Viking Fund Publications In Anthropology. New York: Wenner-Gren Foundation for Anthropological Research.",1953,Male,1916,Male,1919,,,,
"Goodenough, Ward Hunt. 1949. “Premarital Freedom On Truk: Theory And Practice.” American Anthropologist 51: 615–20.",1949,Male,1919,,,,,,
"Condon, Richard G. (Richard Guy). 1983. “Inuit Behavior And Seasonal Change In The Canadian Arctic.” Studies In Cultural Anthropology. Ann Arbor, Mich.: UMI Research Press.",1983,Male,1952,,,,,,
"Damas, David. 1972. “Copper Eskimo.” Hunters And Gatherers Today: A Socioeconomic Study Of Eleven Such Cultures In The Twentieth Century, Edited By M. G. Bicchieri. New York: Holt, Rinehart and Winston, Inc.",1972,Male,1926,,,,,,
"De Coccola, Raymond, Paul King, and James Houston. 1986. “Incredible Eskimo: Life Among The Barren Land Eskimo.” Surrey, B.C.: Hancock House.",1986,Male,1912,Male,1912,Male,1921,,
"Jenness, Diamond. 1922. “Life Of The Copper Eskimos.” Report Of The Canadian Arctic Expedition, 1913-1918. Ottawa, Ont.: F.A. Acland.",1922,Male,1886,,,,,,
"Jenness, Diamond. 1946. “Material Culture Of The Copper Eskimos.” Report Of The Canadian Arctic Expedition, 1913-1918, Southern Party, 1913-1916. Ottawa, Ont.: Edmond Cloutier, King’s Printer and Controller of Stationery.",1946,Male,1886,,,,,,
"Jenness, Diamond. 1959. “People Of The Twilight.” Chicago, Ill.: University of Chicago Press.",1959,Male,1886,,,,,,
"Pryde, Duncan. 1972. “Nunaga: My Land, My Country.” Edmonton, Alta.: M.G. Hurtig Ltd.",1972,Male,1937,,,,,,
"Rasmussen, Knud. 1932. “Intellectual Culture Of The Copper Eskimos.” Report Of The Fifth Thule Expedition, 1921-1924. Copenhagen, Denmark: [s.n.].",1932,Male,1879,,,,,,
"Roberts, Helen H., and Diamond Jenness. 1925. “Eskimo Songs: Songs Of The Copper Eskimo (Southern Party -- 1913-16).” Report Of The Canadian Arctic Expedition, 1913-1918. Ottawa, Ont.: F.A. Acland.",1925,Female,1888,Male,1886,,,,
"Stefánsson, Vilhjálmur. 1914. “Stefánsson-Anderson Arctic Expedition Of The American Museum: Preliminary Ethnological Report.” Anthropological Papers Of The American Museum Of Natural History. New York: [s.n.].",1914,Male,1879,,,,,,
"Van Beek, W. E. A. 1992. “Becoming Human In Dogon, Mali.” Coming Into Existence : Birth And Metaphors Of Birth, Edited With An Introduction By Göran Aijmer. Goteborg, Sweden: Institute for Advanced Studies in Social Anthropology.",1992,Male,1943,,,,,,
"Van Beek, W. E. A. 1991. “Dogon Restudied: A Field Evaluation Of The Work Of Marcel Griaule.” Current Anthropology 32 (2). Chicago, Ill.: 139–67.",1991,Male,1943,,,,,,
"Calame-Griaule, Geneviève. 1986. “Words And The Dogon World.” Philadelphia: Institute for the Study of Human Issues.",1986,Female,1924,,,,,,
"Dieterlen, Germaine, and Sherri L. Granka. 1942. “Souls Of The Dogons.” Travaux Et Mémoires. Paris: Institut d’Ethnologie.",1942,Female,1903,Female,Unknown,,,,
"Griaule, Marcel. 1965. “Conversation With Ogotemmêli.” [London]: Published for the International African Institute by the Oxford University Press.",1965,Male,1898,,,,,,
"Griaule, Marcel, and Michael A. Marcus. 1938. “Dogon Games.” Travaux Et Mémoires. Paris: Institut d’Ethnologie.",1938,Male,1898,,,,,,
"Griaule, Marcel, and Jean H. Winchell. 1938. “Dogon Masks.” Travaux Et Memoires De L’Institut D'Ethnologie. Paris: Institut d’Ethnologie.",1938,Male,1898,,,,,,
"Imperato, Pascal James. 1971. “Contemporary Adapted Dances Among The Dogon.” African Arts 5 (1). Los Angeles: 28–33, 68–72, 84.",1971,Male,1937,,,,,,
"Palau Martí, Monserrat, and Freida Schütze. 1957. “Dogon.” Monographies Ethnologiques Africaines. Paris: Presses Universitaires de France.",1957,Male,1916,,,,,,
"Parin, Paul, Fritz Morgenthaler, Goldy Parin-Matthey, and Frieda Schütze. 1963. “Whites Think Too Much: Psychoanalytic Investigations Among The Dogon In West Africa.” Zurich: Atlantis Verlag.",1963,Male,1916,Male,1919,Male,1911,,
"Paulme, Denise, and Freida Schütze. 1940. “Social Organization Of The Dogon (French Sudan).” Paris: éditions Domat-Montchrestien, F. Loviton et Cie.",1940,Female,1909,,,,,,
"Adriani, Nicolaus, and Albertus Christiaan Kruijt. 1950. “Bare’E-Speaking Toradja Of Central Celebes (The East Toradja): First Volume.” Verhandelingen. Amsterdam: Noord-Hollandsche Uitgevers Maatschappij.",1950,Male,1856,Male,1869,,,,
"Adriani, Nicolaus, and Albertus Christiaan Kruijt. 1951. “Bare’E-Speaking Toradja Of Central Celebes (The East Toradja): Second Volume.” Verhandelingen. Amsterdam: Noord-Hollandsche Uitgevers Maatschappij.",1951,Male,1856,Male,1869,,,,
"Adriani, Nicolaus, and Albertus Christiaan Kruijt. 1951. “Bare’E-Speaking Toradja Of Central Celebes (The East Toradja): Third Volume.” Verhandelingen. Amsterdam: Noord-Hollandsche Uitgevers Maatschappij.",1951,Male,1856,Male,1869,,,,
"Beierle, John, and Martin J. Malone. 1997. “Culture Summary: Eastern Toraja.” New Haven, Conn.: HRAF.",1997,Male,Unknown,Male,Unknown,,,,
"Downs, Richard Erskine. 1956. “Religion Of The Bare-’E-Speaking Toradja Of Central Celebes.” S-Gravenhage: Uitgeverij Excelsior.",1956,Male,1920,,,,,,
"Ainsworth, Mary D. (Salter). 1967. “Infancy In Uganda: Infant Care And The Growth Of Love.” Baltimore: Johns Hopkins Press.",1967,Female,1913,,,,,,
"Kagwa Sir, Apolo, Ernest B. Kalibala, May (Mandelbaum) Edel, and John Roscoe. 1934. “Customs Of The Baganda.” Contributions To Anthropology. New York: Columbia University Press.",1934,Male,1869,,,,,Male,1861
"Kagwa Sir, Apolo, and M. S. M. Semakula Kiwanuka. 1971. “Kings Of Buganda.” Historical Texts Of Eastern And Central Africa. Nairobi: East African Pub. House.",1971,Male,1869,,,,,,
"Kiwanuka, M. S. M. Semakula. 1972. “History Of Buganda From The Foundation Of The Kingdom To 1900.” New York: Africana Pub. Corp.",1972,,,,,,,,
"Mair, Lucy Philip. 1934. “African People In The Twentieth Century.” London: Routledge & Sons.",1934,Female,1901,,,,,,
"Orley, John H. 1970. “Culture And Mental Illness: A Study From Uganda.” East African Studies. Nairobi: Published for the Makerere Institute of Social Research [by] East African Pub. House.",1970,Male,Unknown,,,,,,
"Ray, Benjamin C. 1991. “Myth, Ritual, And Kingship In Buganda.” New York: Oxford University Press.",1991,Male,1940,,,,,,
"Richards, Audrey I. (Audrey Isabel). 1964. “Authority Patterns In Traditional Buganda.” King’S Men : Leadership And Status In Buganda On The Eve Of Independence. London: Published on behalf of the East African Institute of Social Research, by Oxford University Press.",1964,Female,1899,,,,,,
"Richards, Audrey I. (Audrey Isabel). 1964. “Traditional Values And Current Political Behavior.” King’S Men : Leadership And Status In Buganda On The Eve Of Independence. London: Published on behalf of the East African Institute of Social Research, by Oxford University Press.",1964,Female,1899,,,,,,
"Robbins, Michael C., and Philip L. Kilbride. 1987. “Microtechnology In Rural Buganda.” Technology And Social Change. Prospect Heights, Ill.: Waveland Press.",1987,Male,Unknown,Male,1942,,,,
"Roscoe, John. 1911. “Baganda: An Account Of Their Native Customs And Beliefs.” London: Macmillan and Co.",1911,Male,1861,,,,,,
"Skoggard, Ian A. 1998. “Culture Summary: Ganda.” New Haven, Conn.: HRAF.",1998,Male,1953,,,,,,
"Khaleque, Kibriaul. 1988. “Garo Of Bangladesh: Religion, Ritual And World View.” Contributions To Southeast Asian Ethnography. Singapore, 129–56.",1988,,,,,,,,
"Marak, Caroline R. 1995. “Garo Poetry.” Hill Societies, Their Modernisation : A Study Of North East With Special Reference To Garo Hills, Edited By Milton S. Sangma. New Delhi: Omsons Publications.",1995,Female,Unknown,,,,,,
"Marak, Kumie R. 1997. “Traditions And Modernity In Matrilineal Tribal Society.” Tribal Studies Of India Series. New Delhi, India: Inter-India Publications.",1997,,,,,,,,
"Playfair, Alan. 1909. “Garos.” London: David Nutt.",1909,Male,1868,,,,,,
"Sangma, Mihir N. 1995. “Garo Culture: Songs, Dances, Music, Traditional And Emerging.” Hill Societies, Their Modernisation : A Study Of North East With Special Reference To Garo Hills, Edited By Milton S. Sangma. New Delhi: Omsons Publications.",1995,,,,,,,,
"Sangma, Mihir N. 1995. “Garos: The Name, Meanings, And Its Origin.” Hill Societies, Their Modernisation : A Study Of North East With Special Reference To Garo Hills, Edited By Milton S. Sangma. New Delhi: Omsons Publications.",1995,,,,,,,,
"Sangma, Viola S. B. 1995. “Garo Folk Literature.” Hill Societies, Their Modernisation : A Study Of North East With Special Reference To Garo Hills, Edited By Milton S. Sangma. New Delhi: Omsons Publications.",1995,Female,Unknown,,,,,,
"Sinha, Tarunchandra. 1966. “Psyche Of The Garos.” Memoir. Calcutta: Anthropological Survey of India, Govt. of India.",1966,,,,,,,,
"Choudhury, Bhupendranath. 1958. “Some Cultural And Linguistic Aspects Of The Garos.” Guahati, Assam: B. N. Dutta Barooah, B.L., Lawyer’s Bookstall.",1958,,,,,,,,
"Clastres, Hélène, and Jacqueline Grenez Brovender. 1995. “Land-Without-Evil: Tupí-Guaraní Prophetism.” Urbana And Chicago: University of Illinois Press.",1995,Female,Unknown,,,,,,
"Hanke, Wanda, and Frieda Schütze. 1956. “Contribution On The Culture Of The Cayua.” Zeitschrift Für Ethnologie. Braunschweig: Verlag Albert Limbach.",1956,Female,1893,,,,,,
"Hanke, Wanda, and Frieda Schütze. 1956. “Contribution On The Culture Of The Cayua.”Zeitschrift Für Ethnologie. Braunschweig: Verlag Albert Limbach.",1956,Female,1893,,,,,,
"Reed, Richard K. 1995. “Prophets Of Agroforestry: Guarani Communities And Commercial Gathering.” Austin: University of Texas Press.",1995,Male,1954,,,,,,
"Schaden, Egon, and Lars-Peter Lewinsóhn. 1962. “Fundamental Aspects Of Guaraní Culture.” Corpo E Alma Do Brasil. Sao Paulo: Difusao Européia do Livro.",1962,Male,1913,,,,,,
"Watson, James B. (James Bennett). 1952. “Cayuá Culture Change: A Study In Acculturation And Methodology.” Memoirs. Menasha, Wis.: American Anthropological Association.",1952,Male,1918,,,,,,
"Of Karo, Baba, and Mary Felice Smith. 1954. “Baba Of Karo, A Woman Of The Muslim Hausa.” London: Farber and Farber.",1954,Female,1877,Male,1921,,,,
"Besmer, Fremont E. 1983. “Horses, Musicians & Gods: The Hausa Cult Of Possession-Trance.” South Hadley, Mass.: Bergin & Garvey Publishers.",1983,Unknown,Unknown,,,,,,
"Cohen, Abner. 1969. “Custom & Politics In Urban Africa: A Study Of Hausa Migrants In Yoruba Towns.” Berkeley, Calif.: University of California Press.",1969,Male,1921,,,,,,
"Smith, M. G. (Michael Garfield), Great Britian, and Colonial Social Science Research Council. 1955. “Economy Of Hausa Communities Of Zaria.” Colonial Research Studies. London, England: H. M. Stationery Off. for the Colonial Office.",1955,Male,1921,,,,,,
"Dry, E. A. 1956. “Social Development Of The Hausa Child.” Proceedings Of The Iii International West African Conference Held At Ibadan, Nigeria, December 1949. Lagos, Nigeria, 164–70.",1956,Unknown,Unknown,,,,,,
"Faulkingham, Ralph Harold. 1972. “Political Support In A Hausa Village.” Ann Arbor, Michigan: University Microfilms.",1972,Male,Unknown,,,,,,
"Hill, Polly. 1972. “Rural Hausa: A Village And Setting.” Cambridge, England: University Press.",1972,Female,1914,,,,,,
"Smith, M. G. (Michael Garfield). 1978. “Affairs Of Daura.” Berkeley, Calif.: University of California Press.",1978,Male,1921,,,,,,
"Beik, Janet. 1984. “Hausa Theatre In Niger: A Contemporary Oral Art.” Ann Arbor, Mich.: University Microfilms International.",1984,Female,1953,,,,,,
"Smith, M. G. (Michael Garfield). 1957. “Cooperation In Hausa Society.” Information, no. 11. Paris, France: 1–20.",1957,Male,1921,,,,,,
"Coleman, Jack David Bo. 1984. “Language Shift In A Bilingual Hebridean Crofting Community.” Ann Arbor, Mich.: Xerox University Microfilms.",1984,Male,1937,,,,,,
"Ennew, Judith. 1980. “Western Isles Today.” Changing Cultures. Cambridge, England: Cambridge University Press.",1980,Female,1944,,,,,,
"Geddes, Arthur. 1955. “Isle Of Lewis And Harris: A Study In British Community.” Edinburgh: At the University Press.",1955,Male,1895,,,,,,
"MacKinnon, Kenneth. 1977. “Language, Education And Social Processes In A Gaelic Community.” Routledge Direct Editions. London: Routledge & Kegan Paul.",1977,Male,1933,,,,,,
"Parman, Susan. 1990. “Scottish Crofters: An Historical Ethnography Of A Celtic Village.” Case Studies In Cultural Anthropology. New York: Holt, Rinehart and Winston.",1990,Female,Unknown,,,,,,
"Parman, Susan. 1973. “Sociocultural Change In A Scottish Crofting Township.” Ann Arbor, Mich.: University Microfilms.",1973,Female,Unknown,,,,,,
"Stephenson, John B., and Sheena Carmichael. 1984. “Ford, A Village In The West Highlands Of Scotland: A Case Study Of Repopulation And Social Change In A Small Community.” Lexington, Kentucky: University of Kentucky Press.",1984,Male,1937,Female,Unknown,,,,
"Thompson, Francis. 1973. “Harris And Lewis, Outer Hebrides.” [S.L.]: Newton, Abbot, David & Charles.",1973,Male,1859,,,,,,
"Ducey, Paul Richard. 1971. “Cultural Continuity And Population Change On The Isle Of Skye.” Ann Arbor, Mich.: University Microfilms.",1971,Male,1926,,,,,,
"Talayesva, Don C., and Leo William Simmons. 1942. “Sun Chief: The Autobiography Of A Hopi Indian.” New Haven: Pub. for the Institute of Human Relations by Yale University Press ; H. Milford, Oxford University Press.",1942,Male,1890,Male,1897,,,,
"Hieb, Louis A. 1973. “Hopi Ritual Clown: Life As It Should Not Be.” Ann Arbor, Michigan: University Microfilms.",1973,Male,Unknown,,,,,,
"Titiev, Mischa. 1944. “Old Oraibi: A Study Of The Hopi Indians Of The Third Mesa.” Papers. New York: Kraus Reprint Co.",1944,Male,1901,,,,,,
"Kennard, Edward A. (Edward Allan), and Edwin Earle. 1971. “Hopi Kachinas: 796/535/532/575.” New York: Museum of the American Indian, Heye Foundation.",1971,Male,1907,,,,,,
"James, Harry Clebourne. 1974. “Pages From Hopi History.” Tucson: University of Arizona Press.",1974,Male,1896,,,,,,
"Malotki, Ekkehart, and Lomatuway’ma, Michael. 1987. “Maasaw: Profile Of A Hopi God.” American Tribal Religions. Lincoln: University of Nebraska Press.",1987,Male,1938,Male,Unknown,,,,
"Sekaquaptewa, Helen, and Louise Udall. 1969. “Me And Mine: The Life Story Of Helen Sekaquaptewa.” Tucson: University of Arizona Press.",1969,Female,1898,Female,Unknown,,,,
"Titiev, Mischa. 1944. “Old  Oraibi: A Study Of The Hopi Indians Of The Third Mesa.” Papers. New York: Kraus Reprint Co.",1944,Male,1901,,,,,,
"Titiev, Mischa. 1972. “Hopi Indians Of Old Oraibi: Change And Continuity.” Ann Arbor: University of Michigan Press.",1972,Male,1901,,,,,,
"Voth, Henry R. 1912. “Brief Miscellaneous Hopi Papers.” Publications. Chicago: Field Museum of Natural History.",1912,Male,1855,,,,,,
"Voth, Henry R. 1912. “Oraibi Marau Ceremony.” Publication. Chicago: Field Museum of Natural History.",1912,Male,1855,,,,,,
"Voth, Henry R. 1903. “Oráibi Oáqöl Ceremony.” Publication. Chicago: Field Columbian Museum.",1903,Male,1855,,,,,,
"Whiting, Alfred F. 1939. “Ethnobotany Of The Hopi.” Bulletin. Flagstaff: Northern Arizona Society of Science and Art.",1939,Male,1912,,,,,,
"Whiteley, Peter M. 1988. “Deliberate Acts: Changing Hopi Culture Through Thr Oraibi Split.” Tucson: University of Arizona Press.",1988,Male,1928,,,,,,
"Beaglehole, Ernest. 1970. “Hopi Hunting And Hunting Fritual.” Yale University Publications In Anthropology. New Haven: Human Relations Area Files Press.",1970,Male,1906,,,,,,
"Beaglehole, Ernest, and Pearl Beaglehole. 1935. “Hopi Of The Second Mesa.” Memoirs Of The American Anthropological Association. Menasha, Wisconsin: American Anthropological Association.",1935,Male,1906,Female,Unknown,,,,
"Beaglehole, Ernest, and Pearl Beaglehole. 1937. “Notes On Hopi Economic Life.” Yale University Publications In Anthropology. New Haven: Pub. for the Section of Anthropology, Department of the Social Sciences, Yale University, by the Yale University Press ; H. Milford, Oxford University Press.",1937,Male,1906,Female,Unknown,,,,
"Bradfield, Maitland. 1973. “Natural History Of Associations: A Study In The Meaning Of Community.” New York: International Universities Press.",1973,,,,,,,,
"Colton, Harold Sellers. 1959. “Hopi Kachina Dolls: With A Key To Their Identification.” Albuquerque: University of New Mexico Press.",1959,Male,1881,,,,,,
"Courlander, Harold. 1987. “Fourth World Of The Hopis.” Albuquerque: University of New Mexico Press.",1987,Male,1908,,,,,,
"Dennis, Wayne. 1940. “Hopi Child.” New York: D. Appleton-Century Company, Incorporated, for the Institute for Research in the Social Sciences, University of Virginia.",1940,Male,1905,,,,,,
"Frigout, Arlette. 1979. “Hopi Ceremonial Organization.” Handbook Of North American Indians. Southwest. Washington, D. C.: Smithsonian Institution : For sale by the Supt. of Documents.",1979,,,,,,,,
"Geertz, Armin W., and Lomatuway’ma, Michael. 1987. “Children Of Cottonwood: Piety And Ceremonialism In Hopi Indian Puppetry.” American Tribal Religions. Lincoln: University of Nebraska Press.",1987,Male,1948,Male,Unknown,,,,
"Harvey, Byron. 1970. “Ritual In Pueblo Art: Hopi Life In Hopi Painting.” Contributions From The Museum Of The American Indian. New York: Museum of the American Indian, Heye Foundation.",1970,Male,Unknown,,,,,,
"Sandin, Benedict, and Clifford Sather. 1980. “Iban Adat And Augury.” [George Town] Penang: Penerbit Universiti Sains Malaysia for School of Comparative Social Sciences.",1980,Male,1918,Male,Unknown,,,,
"Sandin, Benedict. 1967. “Sea Dayaks Of Borneo: Before White Rajah Rule.” London: MacMillan & Co. Ltd.",1967,Male,1918,,,,,,
"Sandin, Benedict. 1976. “Iban Way Of Life: A Translation From Tusun Pandiau.” Kuching: Borneo Literature Bureau.",1976,Male,1918,,,,,,
"Davison, Julian, and Vinson H. Sutlive. 1991. “Children Of Nising: Images Of Headhunting And Male Sexuality In Iban Ritual And Oral Literature.” Female And Male In Borneo : Contributions And Challenges To Gender Studies, Edited By Vinson H. Sutlive Jr. Williamsburg, Va.: The Borneo Research Council, Inc., Department of Anthropology, College of William and Mary.",1991,Male,1956,,,,,,
"Gomes, Edwin H. 1911. “Seventeen Years Among The Sea Dyaks Of Borneo: A Record Of Intimate Association With The Natives Of The Bornean Jungles.” London, England: Seeley & Co., Ltd.",1911,Male,1862,,,,,,
"Jensen, Erik. 1974. “Iban And Their Religion.” Oxford Monographs On Social Anthropology. Oxford, Eng.: Oxford University Press.",1974,Male,1906,,,,,,
"Graham, Penelope. 1987. “Iban Shamanism: An Analysis Of The Ethnographic Literature.” Occasional Paper Of The Department Of Anthropology, Research School Of Pacific Studies, The Australian National University. Canberra, A.C.T.: [Department of Anthropology, Research School of Pacific Studies, the Australian National University].",1987,Female,Unknown,,,,,,
"Komanyi, Margit Ilona. 1973. “Real And Ideal Participation In Decision-Making Of Iban Women: A Study Of A Longhouse Community In Sarawak, East Malaysia.” Ann Arbor, Mich.: University Microfilms.",1973,Female,1927,,,,,,
"Low, Hugh Brooke, and H. Ling Roth. 1893. “Natives Of Borneo: Edited From The Papers Of The Late Brooke Low, Esq.” Journal Of The Anthropological Institute Of Great Britian And Ireland 22: 22–64.",1893,Male,1849,Male,1855,,,,
"Mashman, Valerie. 1991. “Warriors And Weavers: A Study Of Gender Relations Among The Iban Of Sarawak.” Female And Male In Borneo : Contributions And Challenges To Gender Studies. Williamsburg, Va.: The Borneo Research Council, Inc., Department of Anthropology, College of William and Mary.",1991,Female,Unknown,,,,,,
"Pringle, Robert Maxwell. 1968. “Ibans Of Sarawak Under Brooke Rule, 1841-1941.” Ann Arbor, Mich.: University Microfilms.",1968,Male,1936,,,,,,
"Sutlive, Vinson H. 1973. “From Longhouse To Pasar: Urbanization In Sarawak, East Malaysia.” Publications. Ann Arbor, Mich.: University Microfilms.",1973,,,,,,,,
"Barton, Roy Franklin. 1922. “Ifugao Economics.” Publications In American Archaeology And Ethnology. Berkeley: University of California Press.",1922,Male,1883,,,,,,
"Barton, Roy Franklin. 1930. “Half-Way Sun: Life Among The Headhunters Of The Philippines.” New York: Brewer & Warren, Inc.",1930,Male,1883,,,,,,
"Barton, Roy Franklin. 1911. “Harvest Feast Of The Kiangan Ifugao.” Philippine Journal Of Science 6. Manila: 81–105 , plates.",1911,Male,1883,,,,,,
"Barton, Roy Franklin. 1955. “Mythology Of The Ifugaos.” Memoirs. Philadelphia: American Folklore Society.",1955,Male,1883,,,,,,
"Beyer, H. Otley (Henry Otley), and Roy Franklin Barton. 1911. “Ifugao Burial Ceremony.” Philippine Journal Of Science 6. Manila: 227–52 , plates.",1911,Male,1883,,,,,,
"Dulawan, Lourdes. 1989. “Ifugao Baki: Rituals For Man And Rice Culture.” Journal Of Northern Luzon 15 (1-2). Bayombong, Philippines: xvii, 116.",1989,,,,,,,,
"Dumia, Mariano A. 1979. “Ifugao World.” Quezon City, Republic Of The Philippines: New Day Publishers.",1979,,,,,,,,
"Lambrecht, Francis. 1941. “Mayawyaw Ritual: Parts 1-5.” Publications. Washington, D.C.: Catholic Anthropological Conference.",1941,,,,,,,,
"Fenton, William N. 1936. “Outline Of Seneca Ceremonies At Coldspring Longhouse.” Publications In Anthropology. New Haven, Conn.: Yale University Press.",1936,Male,1908,,,,,,
"Fenton, William N. 1936. “Outline Of Seneca Ceremonies At Coldspring Longhouse.”Publications In Anthropology. New Haven, Conn.: Yale University Press.",1936,Male,1908,,,,,,
"Fenton, William N., and Gertrude P. Kurath. 1951. “Feast Of The Dead Or Ghost Dance At Six Nations Reserve, Canada.” Symposium On Local Diversity In Iroquois Culture. Washington, D.C.: Smithsonian Institution.",1951,Male,1908,Female,1903,,,,
"Fenton, William N. 1953. “Iroquois Eagle Dance An Offshoot Of The Calument Dance.” Bulletin. Washington, D.C.: Smithsonian Institution.",1953,Male,1908,,,,,,
"Fenton, William N. 1953. “Iroquois Eagle Dance An Offshoot Of The Calument Dance.”Bulletin. Washington, D.C.: Smithsonian Institution.",1953,Male,1908,,,,,,
"Foley, Denis. 1994. “Ethnohistoric And Ethnographic Analysis Of The Iroquois From The Aboriginal Era To The Present Suburban Era.” Ann Arbor, Mich.: University Microfilms International.",1994,Male,1934,,,,,,
"Foster, Michael K. 1974. “From The Earth To Beyond The Sky: An Ethnographic Approach To Four Longhouse Iroquois Speech Events.” Mercury Series. Ottawa, Ont.: National Museums of Canada, National Museum of Man.",1974,Male,Unknown,,,,,,
"Kurath, Gertrude P. 1951. “Local Diversity In Iroquois Music And Dance.” Symposium On Local Diversity In Iroquois Culture. Washington, D.C.: Smithsonian Institution.",1951,Female,1903,,,,,,
"Morgan, Lewis Henry, and Herbert M. Lloyd. 1901. “League Of The Ho-De’-No-Sau-Nee Or Iroquois. Vol. I.” New York: Dodd, Mead and Company.",1901,Male,1818,Male,1862,,,,
"Shimony, Annemarie. 1961. “Conservatism Among The Iroquois At The Six Nations Reserve.” Yale University Publications In Anthropology. New Haven, Conn.: Department of Anthropology, Yale University.",1961,Male,1928,,,,,,
"Speck, Frank Gouldsmith. 1945. “Iroquois: A Study In Cultural Evolution.” Bulletin. Detroit, Mich.: Cranbrook Institute of Science.",1945,Male,1881,,,,,,
"St. John, Donald Patrick. 1994. “Dream-Vision Experience Of The Iroquois: Its Religious Meaning.” Ann Arbor, Mich.: University Microfilms International.",1994,Male,Unknown,,,,,,
"Tooker, Elisabeth. 1978. “Iroquois Since 1820.” Handbook Of North American Indians. Northeast. Washington, D.C.: Smithsonian Institution.",1978,Female,1927,,,,,,
"Tooker, Elisabeth. 1970. “Iroquois Ceremonial Of Midwinter.” Syracuse, N.Y.: Syracuse University Press.",1970,Female,1927,,,,,,
"Tooker, Elisabeth. 1978. “League Of The Iroquois: Its History, Politics, And Ritual.” Handbook Of North American Indians. Northeast. Washington, D.C.: Smithsonian Institution.",1978,Female,1927,,,,,,
"Wallace, Anthony F. C., and Sheila K. Steen. 1969. “Death And Rebirth Of The Seneca.” New York: Vintage Books, a division of Random House.",1969,Male,1923,,,,,,
"Cohen, Ronald. 1971. “Dominance And Defiance: A Study Of Marital Instability In An Islamic African Society.” Anthropological Studies. Washington, D.C.: American Anthropological Association.",1971,Male,1930,,,,,,
"Cohen, Ronald. 1970. “Social Stratification In Bornu.” Social Stratification In Africa, Edited By Arthur Tuden And Leonard Plotnicov. New York: The Free Press.",1970,Male,1930,,,,,,
"Cohen, Ronald. 1960. “Structure Of Kanuri Society.” Ann Arbor, Michigan: University Microfilms.",1960,Male,1930,,,,,,
"Malone, Martin J., and Ian A. Skoggard. 1998. “Culture Summary: Kanuri.” New Haven, Conn.: HRAF.",1998,Male,Unknown,Male,1953,,,,
"Peshkin, Alan. 1972. “Kanuri Schoolchildren; Education And Social Mobilization In Nigeria.” Case Studies In Education And Culture. New York: Holt, Rinehart and Winston, Inc.",1972,Male,1931,,,,,,
"Pospisil, Leopold J. 1958. “Kapauku Papuans And Their Law.” Yale University Publications In Anthropology. New Haven, Conn.: Published for the Dept. Anthropology, Yale University.",1998,Male,1923,,,,,,
"Gratton, Nancy, and Ian A. Skoggard. 1998. “Culture Summary: Kapauku.” New Haven, Conn.: HRAF.",1998,Female,Unknown,Male,1953,,,,
"Pospisil, Leopold J. 1978. “Kapauku Papuans Of West New Guinea.” Case Studies In Cultural Anthropology. New York: Holt, Rinehart, and Winston.",1978,Male,1923,,,,,,
"Pospisil, Leopold J. 1963. “Kapauku Papuan Economy.” Yale University Publications In Anthropology. New Haven, Conn.: Dept. of Anthropology, Yale University.",1963,Male,1923,,,,,,
"Gurdon, Philip Richard Thornhagh. 1907. “Khasis.” London: David Nutt.",1907,Male,1863,,,,,,
"Stegmiller, P. F., and Elizabeth Knight. 1925. “Arrow Shooting And Hunting Of The Khasi.” Anthropos 20: 607–23 , plates.",1925,Male,Unknown,Female,Unknown,,,,
"Page Jr, Hugh R. 1996. “Culture Summary: Khasi.” New Haven, Conn.: HRAF.",1996,Male,1956,,,,,,
"Gatschet, Albert Samuel. 1890. “Klamath Indians Of Southwestern Oregon.” Contributions To North American Ethnology. Washington: Gov’t. print. off.",1890,Male,1832,,,,,,
"Spier, Leslie. 1930. “Klamath Ethnography.” Publications In American Archaeology And Ethnology. Berkeley, Calif.: University of California Press.",1930,Male,1893,,,,,,
"Spencer, Robert F. 1952. “Native Myth And Modern Religion Among The Klamath Indians.” Journal Of American Folklore 65. Philadelphia: 217–26.",1952,Male,1917,,,,,,
"Weaver, Roger. 1983. “Marie Norris’S Interpretations Of Fifty Of Gatschet'S Klamath Chants And Incantations.” American Indian Culture And Research Journal 7 (3). Los Angeles: 55–63.",1983,Male,Unknown,,,,,,
"Skoggard, Ian A. 1998. “Culture Summary: Klamath.” New Haven, Conn.: HRAF.",1998,Male,1953,,,,,,
"Preuss, Konrad Theodor, Marianne Moerman, and Berlin. Staatliche Museen. 1926. “Journey Of Exploration To The Cagaba.” St. Gabriel-Mödling Bei Wien: Administration des “Anthropos.”",1926,Male,1869,,,,,,
"Reichel-Dolmatoff, Gerardo. 1984. “Some Kogi Models Of The Beyond.” Journal Of Latin American Lore 10 (1). Los Angeles: 63–85.",1984,Male,1912,,,,,,
"Reichel-Dolmatoff, Gerardo, and Sydney Muirden. 1949–1950. “Kogi: A Tribe Of The Sierra Nevada De Santa Marta, Colombia. Vol. 1.” Revista. Bogota: El Instituto.",1949,Male,1912,,,,,,
"Reichel-Dolmatoff, Gerardo, and Sydney Muirden. 1951. “Kogi: A Tribe Of The Sierra Nevada De Santa Marta, Colombia. Vol. 2.” Bogota: Editorial Iqueima.",1951,Male,1912,,,,,,
"Reichel-Dolmatoff, Gerardo. 1978. “Loom Of Life: A Kogi Principle Of Integration.” Journal Of Latin American Lore 4 (1). Los Angeles: 5–27.",1978,Male,1912,,,,,,
"Reichel-Dolmatoff, Gerardo. 1990. “Sacred Mountain Of Colombia’S Kogi Indians.” Iconography Of Religions. Leiden: E.J. Brill.",1990,Male,1912,,,,,,
"Reichel-Dolmatoff, Gerardo. 1976. “Training For The Priesthood Among The Kogi Of Colombia.” Enculturation In Latin America : An Anthology, Edited By Johannes Wilbert. Los Angeles: UCLA Latin American Center Publications, University of California.",1976,Male,1912,,,,,,
"Biernatzki, William Eugene. 1973. “Varieties Of Korean Lineage Structure.” Ann Arbor, Mich.: University Microfilms, Inc.",1973,Male,1931,,,,,,
"Bishop, Isabella Bird. 1898. “Korea And Her Neighbors.” New York: Fleming H. Revell Company.",1898,Female,1831,,,,,,
"Chŏn, Kyŏng-su. 1984. “Reciprocity And Korean Society: An Ethnography Of Hasami.” Korean Studies Series. Seoul: Seoul National University Press.",1984,Unknown,1949,,,,,,
"Heydrich, M. 1931. “Korean Farming: Contributions To The Ethnology Of Korea I.” Abhandlungen Und Berichte. Dresden: Museum für Tierkunde unde Völkerkunde.",1931,Unknown,Unknown,,,,,,
"Hulbert, Homer B. 1906. “Passing Of Korea.” New York: Doubleday, Page and Co.",1906,Male,1863,,,,,,
"Janelli, Roger L., and Dawnhee Yim Janelli. 1982. “Ancestor Worship And Korean Society.” Stanford, Calif.: Stanford University Press.",1982,Male,1943,Unknown,Unknown,,,,
"Kendall, Laurel. 1994. “Rite Of Modernization And Its Postmodern Discontents: Of Weddings, Bureaucrats, And Morality In The Republic Of Korea.” Asian Visions Of Authority : Religion And The Modern States Of East And Southeast Asia, Edited By Charles F. Keyes, Laurel Kendall, And Helen Hardacre. Honolulu: University of Hawaii Press.",1994,Female,1947,,,,,,
"Kendall, Laurel. 1985. “Shamans, Housewives And Other Restless Spirits: Women In Korean Ritual Life.” Studies Of The East Asian Institute. Honolulu, Hawaii: University of Hawaii Press.",1985,Female,1985,,,,,,
"Chapin, Mac. 1997. “Curing Among The San Blas Kuna Of Panama.” Ann Arbor, Michigan: University Microfilms International.",1997,Male,Unknown,,,,,,
"De Smidt, Leon Sylvester. 1948. “Among The San Blas Indians Of Panama, Giving A Description Of Their Manners, Customs And Beliefs.” Troy, N.Y.: [s.n.].",1948,Male,1904,,,,,,
"Densmore, Frances. 1926. “Music Of The Tule Indians Of Panama.” Smithsonian Miscellaneous Collection. Washington: Smithsonian Institution.",1926,Female,1867,,,,,,
"Holloman, Regina. 1997. “Developmental Change In San Blas.” Ann Arbor, Michigan: University Microfilms International.",1997,Female,1931,,,,,,
"Holmer, Nils Magnus. 1951. “Cuna Chrestomathy.” Etnologiska Studier. Göteborg: Etnografiska Museet.",1951,Male,1904,,,,,,
"Holmer, Nils Magnus, and Henry Wassén. [nd]-/. “Mu-Igala Or The Way Of Muu: A Medicine Song From The Cuna Indians Of Panama.” Göteborg: [s.n.].",1947,Male,1904,Male,1908,,,,
"Howe, James. 1986. “Kuna Gathering: Contemporary Village Politics In Panama.” Latin American Monographs. Austin, Texas: University of Texas Press.",1986,Male,1944,,,,,,
"Krieger, Herbert William. 1926. “Material Culture Of The People Of Southeastern Panama, Based On Specimens In The United States National Museum.” Bulletin. Washington: Govt. Print. Off.",1926,Male,1889,,,,,,
"Marshall, Donald Stanley. [nd]-/. “Cuna Folk: A Conceptual Scheme Involving The Dynamic Factors Of Culture, As Applied To The Cuna Indians Of Darien.” [S.L.]: [s.n.].",1950,Male,1919,,,,,,
"Moore, Alexander. 1983. “Lore And Life: Cuna Indian Pageants, Exorcism, And Diplomacy In The Twentieth Century.” Ethnohistory 30 (s 1,2,3,4). Columbus, Ohio: 93–106.",1983,Male,Unknown,,,,,,
"Nordenskiöld, Erland, Ruben érez Kantule, and Henry Wassén. 1938. “Historical And Ethnological Survey Of The Cuna Indians.” Comparative Ethnographical Studies. Göteborg, Sweden: Göteborg Museum.",1938,Male,1877,Male,1907,Male,1908,,
"Nordenskiöld, freiherre, Erland. 1930. “Cuna Indian Religion.” Proceedings Of The International Congress Of Americanists. New York: [s.n.].",1930,Male,1877,,,,,,
"Nordenskiöld, freiherre, Erland, Cuna Indian chief Nele, and G. M. E. Leijer. 1930. “Picture-Writings And Other Documents By Néle, Charles Slater, Charlie Nelson And Other Cuna Indians.” Comparative Ethnological Studies. Göteborg: [Elanders boktryckeri aktiebolag].",1930,Male,1877,Male,1868,,,,
"Nordenskiöld, freiherre, Erland, Cuna Indian chief Nele, Ruben Pérez Kantule, and G. M. E. Leijer. 1928. “Picture-Writings And Other Documents By Néle, Paramount Chief Of The Cuna Indians And Ruben Pérez Kantule, His Secretary.” Comparative Ethnological Studies. Göteborg: [Elanders boktryckeri aktiebolag].",1928,Male,1877,Male,1868,Male,1907,,
"Sherzer, Joel. 1983. “Kuna Ways Of Speaking: An Ethnographic Perspective.” Texas Linguistic Series. Austin: University of Texas Press.",1983,Male,1942,,,,,,
"Stout, David Bond. 1947. “San Blas Cuna Acculturation: An Introduction.” Viking Fund Publications In Anthropology. New York: [s.n.].",1947,Male,1913,,,,,,
"Tice, Karin E. (Karin Elaine), Ian Skoggard, and John Beierle. 1999. “Culture Summary: Kuna.” New Haven, Conn.: HRAF.",1999,Female,1956,Male,1953,Male,Unknown,,
"Wassén, Henry. 1949. “Contributions To Cuna Ethnography: Results Of An Expedition To Panama And Columbia In 1947.” Etnologiska Studier. Göteborg: Etnografiska Museet.",1949,Male,1908,,,,,,
"Izady, Mehrdad R. 1992. “Kurds: A Concise Handbook.” Washington, D.C.: Crane Russak, Taylor & Francis International Publishers.",1992,Male,1963,,,,,,
"Masters, William Murray. 1953. “Rowanduz: A Kurdish Administrative And Mercantile Center.” [S.L.]: [s.n.].",1953,Male,Unknown,,,,,,
"Arno, Andrew. 1993. “World Of Talk On A Fijian Island: An Ethnography Of Law And Communication Causation.” Norwood, N.J.: Ablex Publishing Corporation.",1993,Male,Unknown,,,,,,
"Hocart, Arthur Maurice. 1929. “Lau Islands, Fiji.” Bulletin. Honolulu, Hawaii: Bernice P. Bishop Museum.",1929,Male,1883,,,,,,
"Thompson, Laura. 1940. “Southern Lau, Fiji: An Ethnography.” Bulletin. Honolulu, Hawaii: Bernice P. Bishop Museum.",1940,Female,1905,,,,,,
"St. Johnston, T. R. 1918. “Lau Islands (Fiji) And Their Fairy Tales And Folk-Lore.” London: The Times Book Co., Ltd.",1918,Male,1881,,,,,,
"Abu-Lughod, Lila. 1990. “Shifting Politics In Bedouin Love Poetry.” Language And The Politics Of Emotion, Edited By Catherine Lutz And Lila Abu-Lughod. Cambridge: Cambridge University Press.",1990,Female,1952,,,,,,
"Abu-Lughod, Lila. 1986. “Veiled Sentiments: Honor And Poetry In A Bedouin Society.” Berkeley: University of California Press.",1986,Female,1952,,,,,,
"Abu-Lughod, Lila. 1993. “Writing Women’S Worlds: Bedouin Stories.” Berkeley: University of California Press.",1993,Female,1952,,,,,,
"Davis, J. (John). 1988. “Libyan Politics: Tribe And Revolution : An Account Of The Zuwaya And Their Government.” Comparative Studies On Muslim Societies. Berkeley: University of California Press.",1988,Male,1938,,,,,,
"Obermeyer, Gerald Joseph, 1935-. Structure and authority in a Bedouin tribe: the ’Aishabit of the Western Desert of Egypt",1969,Male,1935,,,,,,
"Peters, Emrys L. -, Jack Goody, and Emanuel Marx. 1990. “Bedouin Of Cyrenaica: Studies In Personal And Corporate Power.” Cambridge Studies In Social And Cultural Anthropology. Cambridge: Press Syndicate of the University of Cambridge.",1990,Male,1916,Male,1919,Male,1927,,
"Beierle, John. 1995. “Culture Summary: Lozi.” New Haven, Conn.: HRAF.",1995,Male,Unknown,,,,,,
"Gluckman, Max. 1959. “Lozi Of Barostseland In North-Western Rhodesia.” Seven Tribes Of British Central Africa, Edited By Elizabeth Colson And Max Gluckman. Manchester: Manchester University Press, on behalf of the Rhodes-Livingstone Institute, Northern Rhodesia.",1959,Male,1911,,,,,,
"Prins, Gwyn. 1980. “Hidden Hippopotamus: Reappraisal In African History.” African Studies Series. Cambridge [Eng.]: Cambridge University Press.",1980,Male,1950,,,,,,
"Reynolds, Barrie. 1963. “Magic, Divination And Witchcraft Among The Barotse Of Northern Rhodesia.” Robins Series. London, England: Chatto and Windus.",1963,Male,1932,,,,,,
"Turner, Victor Witter. 1952. “Lozi Peoples Of North-Western Rhodesia.” Ethnographic Survey Of Africa, West Central Africa. London, England: International African Institute.",1952,Male,1920,,,,,,
"Fox, D. Storrs. 1930. “Further Notes On The Masai Of Kenya Colony.” Journal Of The Royal Anthropological Institute Of Great Britian And Ireland 60. London: 447–65.",1930,Male,Unknown,,,,,,
"Merker, Meritz. 1910. “Masai: Ethnographic Monograph Of An East African Semite People.” Berlin: Dietrich Reimer (Ernst Vohsen).",1910,Unknown,Unknown,,,,,,
"Spencer, Paul. 1988. “Maasai Of Matapato: A Study Of Rituals Of Rebellion.” International African Library. Bloomington, Ind.: Indiana University Press.",1988,Male,1932,,,,,,
"Thomson, Joseph. 1887. “Through Masai Land: A Journey Of Exploration Among The Snowclad Volcanic Mountains And The Strange Tribes Of Eastern Equatorial Africa.” London: Sampson Low, Marston, Searle & Rivington.",1987,Male,1858,,,,,,
"Dijour, élisabeth. 1933. “Ceremonies For The Expulsion Of Illnesses Among The Mataco.” Journal De La Société Des Américanistes, N. S. 25. Paris, France: HRAF MS: 1–12 [Original: 211–18 ], plates.",1933,Female,Unknown,,,,,,
"Métraux, Alfred. 1939. “Myths And Tales Of The Matako Indians (The Gran Chaco, Argentina).” Ethnological Studies. Gothenburg, Sweden: Walter Kaudern.",1939,Male,1902,,,,,,
"Pelleschi, Juan, and Samuel Alexander Lafone Quevedo. 1896. “Mataco Indians And Their Language.” Boletin Del Instituto Geográfico Argentino. Buenos Aires, Argentina: Imp. “La Buenos Aries.”",1896,Male,Unknown,,,,,,
"Karsten, Rafael. 1932. “Indian Tribes Of The Argentine And Bolivian Chaco: Ethnological Studies.” Commentationes Humanarum Litterarum. Helsingfors: Akademische Buchhandlung.",1932,Male,1879,,,,,,
"Turnbull, Colin M. 1965. “Mbuti Pygmies: An Ethnographic Survey.” Anthropological Papers. New York: American Museum of Natural History.",1965,Male,1924,,,,,,
"Turnbull, Colin M. 1983. “Mbuti Pygmies: Change And Adaptation.” Case Studies In Cultural Anthropology. Orlando, Fla.: Harcourt Brace Jovanovich College Publishers.",1983,Male,1924,,,,,,
"Turnbull, Colin M. 1962. “Forest People.” New York, N.Y.: Simon and Schuster.",1962,Male,1924,,,,,,
"Turnbull, Colin M. 1965. “Wayward Servants: The Two Worlds Of The African Pygmies.” Garden City, N.Y.: The Natural History Press.",1965,Male,1924,,,,,,
"Brown, and John Beierle. 2000. “Culture Summary: Ojibwa.” New Haven, Conn.: HRAF.",2000,Female,1940,Male,Unknown,,,,
"Densmore, Frances. 1929. “Chippewa Customs.” Bulletin. Washington: U.S. Govt. print. off.",1929,Female,1867,,,,,,
"Grant, Peter. 1890. “Saulteux Indians About 1804.” Les Bourgeois De La Compagnie Du Nord-Quest. Quebec: De L’Imprimerie Generale A. Cote et cie.",1890,Male,1764,,,,,,
"Hallowell, A. Irving (Alfred Irving). 1976. “Role Of Dreams In Ojibwa Culture.” Contributions To Anthropology : Selected Papers Of A. Irving Hallowell. Chicago: University of Chicago Press.",1976,Male,1892,,,,,,
"Jenness, Diamond. 1935. “Ojibwa Indians Of Parry Island, Their Social And Religious Life.” Bulletin. Ottawa: National Museum of Canada, J. O. Patenaude, printer.",1935,Male,1886,,,,,,
"Hilger, M. Inez (Mary Inez). 1951. “Chippewa Child Life And Its Cultural Background.” Bulletin. Washington: U.S. Govt. Print. Off.",1951,Female,1891,,,,,,
"Johnston, Basil. 1988. “Indian School Days.” Key Porter Limited: Toronto, Canada.",1988,Male,1929,,,,,,
"Kohl, Johann Georg, and Lascelles Wraxall Sir. 1860. “Kitchi-Gami: Wanderings Round Lake Superior.” London: Chapman and Hall.",1860,Male,1808,Male,1828,,,,
"Schmalz, Peter S. 1991. “Ojibwa Of Southern Ontario.” Toronto: University of Toronto Press.",1991,Male,Unknown,,,,,,
"Tanner, John, and Edwin James. 1830. “Narrative Of The Captivity And Adventures Of John Tanner, (U.S. Interpreter At The Saut De Ste. Marie,): During Thirty Years Residence Among The Indians In The Interior Of North America.” New York: G. & C. & H. Carvill.",1830,Male,1780,Male,1797,,,,
"Theriault, Madeline. 1992. “Moose To Moccasins: The Story Of Ka Kita Wa Pa No Kwe.” Toronto, Ont.: Natural Heritage/Natural History.",1992,Female,1908,,,,,,
"Vecsey, Christopher. 1983. “Traditional Ojibwa Religion And Its Historical Changes.” Memoirs. Philadelphia: American Philosophical Society.",1983,Male,1948,,,,,,
"Vennum, Thomas. 1988. “Wild Rice And The Ojibway People.” St. Paul: Minnesota Historical Society Press.",1988,Male,1934,,,,,,
"Chapman, Anne. 1982. “Drama And Power In A Hunting Society: The Selk’Nam Of Tierra Del Fuego.” Cambridge, [England]: Cambridge University Press.",1982,Female,1922,,,,,,
"Cooper, John Montgomery. 1917. “Analytical And Critical Bibliography Of The Tribes Of Tierra Del Fuego And Adjacent Territory.” Bulletin. Washington D.C.: Government printing Office.",1917,Male,1881,,,,,,
"Cooper, John Montgomery. 1946. “Ona.” Marginal Tribes. Washington, D.C.: Government Printing Office.",1946,Male,1881,,,,,,
"Gusinde, Martin. 1931. “Fireland Indians: Vol. 1. The Selk’Nam, On The Life And Thought Of A Hunting People Of The Great Island Of Tierra Del Fuego.” Expeditions. Mödling Bei Wien: Verlag der Internationalen Zeitschrift.",1931,Male,1886,,,,,,
"Blaine, Martha Royce. 1990. “Pawnee Passage, 1870-1875.” Civilization Of The American Indian Series. Norman: University of Oklahoma Press.",1990,Female,1923,,,,,,
"Murie, James R. 1914. “Pawnee Indian Societies.” Anthropological Papers. New York: The Trustees.",1914,Male,1862,,,,,,
"Reid, Gerald F., and John Beierle. 1998. “Culture Summary: Pawnee.” New Haven, Conn.: HRAF.",1998,Male,Unknown,Male,Unknown,,,,
"Weltfish, Gene. 1965. “Lost Universe: With A Closing Chapter On ‘The Universe Regained.’” New York: Basic Books.",1965,Female,1902,,,,,,
"Chamberlain, Von Del. 1992. “Chief And His Council: Unity And Authority From The Stars.” Earth And Sky : Visions Of The Cosmos In Native American Folklore. Albuquerque: University of New Mexico Press.",1992,Male,Unknown,,,,,,
"Chamberlain, Von Del. 1982. “When Stars Came Down To Earth: Cosmology Of The Skidi Pawnee Indians Of North America.” Ballena Press Anthropological Papers. Los Altos, Calif.: Ballena Press ; Center for Archaeoastronomy, University of Maryland.",1982,Male,Unknown,,,,,,
"Densmore, Frances. 1929. “Pawnee Music.” Bulletin. Washington: U.S. Govt. Print. Off.",1929,Female,1867,,,,,,
"Fletcher, Alice C. (Alice Cunningham), James R. Murie, and Edwin S. Tracy. 1904. “Hako: A Pawnee Ceremony.” Annual Report. Washington: Smithsonian Institution.",1904,Female,1838,Male,1862,Male,Unknown,,
"Grinnell, George Bird. 1889. “Pawnee Hero Stories And Folk-Tales, With Notes On The Origin, Customs And Character Of The Pawnee People.” New York: Forest and Stream Publishing Company.",1889,Male,1848,,,,,,
"Lesser, Alexander. 1933. “Pawnee Ghost Dance Hand Game.” Contributions To Anthropology. New York: Columbia University Press.",1933,Male,1902,,,,,,
"Anderson, Myrdene. 1978. “Saami Ethnoecology: Resource Management In Norwegian Lapland.” Ann Arbor, Mich.: University Microfilms International.",1978,Female,1934,,,,,,
"Bernatzik, Hugo Adolf, and Vivian Ogilvie. 1938. “Overland With The Nomad Lapps.” New York: Robert M. McBridge & Co.",1938,Male,1897,,,,,,
"Collinder, Björn. 1949. “Lapps.” Princeton, N.J.: Princeton University Press for the American Scandinavian Foundation.",1949,Male,1894,,,,,,
"Minn, Eeva K., and Indiana University. Graduate Program In Uralic And Asian Studies. 1955. “Lapps.” Subcontractor’S Monograph. New Haven, Conn.: HRAF.",1955,Female,1919,,,,,,
"Itkonen, Toivo Immanuel, and Eeva K. Minn. 1948. “Lapps In Finland Up To 1945. Vol. 1.” Porvoo, Helsinki: Werner Söderström Osakeyhtiö.",1948,Male,1891,Female,1919,,,,
"Itkonen, Toivo Immanuel, Olga Guemati, and Elisabeth Perez-Roman. 1948. “Lapps In Finland Up To 1945. Vol. 2.” Porvoo, Helsinki: Werner Söderström Osakeyhtiö.",1948,Male,1891,,,,,,
"Karsten, Rafael. 1955. “Religion Of The Samke: Ancient Beliefs And Cults Of The Scandinavian And Finnish Lapps.” Leiden: E.J. Brill.",1955,Male,1879,,,,,,
"Pelto, Pertti J. 1987. “Snowmobile Revolution: Technology And Social Change In The Arctic.” Prospect Heights, Ill.: Waveland Press.",1987,Male,1927,,,,,,
"Scheffer, Johannes. 1704. “History Of Lapland: Containing A Geographical Description, And A Natural History Of That Country; With An Account Of The Inhabitants, Their Original, Religion, Customs, Habits, Marriages, Conjurations, Employments, Etc.” London: Printed for Tho. newborough, at the Golden-Ball in St. Paul’s-Church-Yard and R. Parker under the Royal-Exchange.",1704,Male,1621,,,,,,
"Vorren, Ornulv, Ernst Manker, and Kathleen McFarlane. 1962. “Lapp Life And Customs: A Survey.” London: Oxford University Press.",1962,Male,1916,Male,1893,,,,
"Mukherjea, Charulal. 1962. “Santals.” Calcutta: A. Mukherjee & Co., Private Ltd.",1962,,,,,,,,
"Skrefsrud, Lars Olsen, P. O. (Paul Olaf) Bodding, and Sten Konow. 1942. “Traditions And Institutions Of The Santals.” Bulletin. Oslo: Oslo Etnografiske Museum.",1942,Male,1840,Male,1865,Male,1867,,
"Archer, W. G. (William George). 1974. “Hill Of Flutes: Life, Love, And Poetry In Tribal India : A Portrait Of The Santals.” Pittsburgh: University of Pittsburgh Press.",1974,Male,1907,,,,,,
"Archer, W. G. (William George). 1984. “Tribal Law And Justice: A Report On The Santal.” New Delhi: Concept.",1984,Male,1907,,,,,,
"Biswas, Prophilla Chander. 1956. “Santals Of The Santal Parganas.” Delhi: Bharatiya Adimjati Sevak Sangh.",1956,Male,1904,,,,,,
"Carrin-Bouez, Marine, and John Beierle. 1998. “Culture Summary: Santal.” New Haven, Conn.: HRAF.",1998,Unknown,Unknown,Male,Unknown,,,,
"Culshaw, W. J. 1949. “Tribal Heritage: A Study Of The Santals.” Missionary Research Series. London: Lutterworth Press.",1949,Male,Unknown,,,,,,
"Price, Sally. 1993. “Co-Wives And Calabashes.” Women And Culture. Ann Arbor: University of Michigan Press.",1993,Female,1943,,,,,,
"Herskovits, Melville Jean, Mrs. Herskovits Frances (Shapiro), and Bush Negroes Of Dutch Guiana. 1934. “Rebel Destiny: Among The Bush Negroes Of Dutch Guiana.” New York: Whittlesey House, McGraw-Hill Book Company, Inc.",1934,Male,1895,Female,1897,Unknown,Unknown,,
"Price, Richard. 1990. “Alabi’S World.” Johns Hopkins Studies In Atlantic History And Culture. Baltimore: Johns Hopkins University Press.",1990,Male,1941,,,,,,
"Price, Richard. 1983. “First-Time: The Historical Vision Of An Afro-American People.” Johns Hopkins Studies In Atlantic History And Culture. Baltimore: Johns Hopkins University Press.",1983,Male,1941,,,,,,
"Price, Richard, and Sally Price. 1991. “Two Evenings In Saramaka.” Chicago: University of Chicago Press.",1991,Male,1941,Female,1943,,,,
"Erlich, Vera St. 1966. “Family In Transition: A Study Of 300 Yugoslav Villages.” Princeton, N.J.: Princeton University Press.",1966,Female,1897,,,,,,
"Filipovic, Milenko S. 1982. “Among The People, Native Yugoslav Ethnography: Selected Writing Of Milenko S. Filipovic.” Papers In Slavic Philology. Ann Arbor, Mich.: Michigan Slavic Publications, Dept. of Slavic Languages and Literatures.",1982,Male,1902,,,,,,
"Foley, John Miles, and Barbara Halpern. 1976. “‘Udovica Jana’: A Case Study Of An Oral Performance.” Slavonic And East European Review [Seer] 54 (1). Menasha, Wis.: 11–23.",1976,Male,1947,Female,1931,,,,
"Halpern, Barbara. 1981. “Text And Context In Serbian Ritual Lament.” Canadian-American Slavic Studies 15 (1). Tempe, Arizona: 52–60.",1981,Female,1931,,,,,,
"Halpern, Barbara. 1977. “Thoughts On Communicative Competence In A Serbian Village.” Selected Papers On A Serbian Village : Social Structure As Reflected By History, Demography And Oral Tradition, Edited By Barbara Kerewsky Halpern And Joel M. Halpern. Amherst, Mass.: Department of Anthropology, University of Massachusetts at Amherst.",1977,Female,1931,,,,,,
"Halpern, Joel Martin. 1967. “Serbian Village.” Harper Colophon Books. New York: Harper & Row.",1967,Male,1929,,,,,,
"Halpern, Joel Martin, and Eugene A. Hammel. 1977. “Serbian Society In Karadjordje’S Serbia: An Anthropological View.” Selected Papers On A Serbian Village : Social Structure As Reflected By History, Demography And Oral Tradition, Edited By Barbara Kerewsky Halpern And Joel M. Halpern. Amherst, Mass.: Department of Anthropology, University of Massachusetts at Amherst.",1977,Male,1929,Male,1930,,,,
"Lodge, Olive. 1941. “Peasant Life In Jugoslavia.” London: Seeley, Service & Co.",1941,Female,1884,,,,,,
"Pavlovic, Jeremija M. 1973. “Folk Life And Customs In The Kragujevac Region Of The Jasenica In Sumdaija.” New Haven, Conn.: Human Relations Area Files.",1973,Male,1881,,,,,,
"Simic, Andrei. 1991. “Obstacles To The Development Of A Yugoslav National Consciousness: Ethnic Identity And Folk Culture In The Balkans.” Journal Of Mediterranean Studies 1 (1). Msida, Malta: 18–36.",1991,Male,1930,,,,,,
"Halpern, Barbara. 1983. “Watch Out For Snakes!: Ethnosemantic Misinterpretations And Interpretation Of A Serbian Healing Charm.” Anthropological Linguistics 25 (3). Bloomington, Ind.: 309–25.",1983,Female,1931,,,,,,
"Kemp, P., University Of London, and School Of Slavonic And East European Studies. 1935. “Healing Ritual: Studies In The Technique And Tradition Of The Southern Slavs.” London: Published in conjunction with the School of the Slavonic and East European studies, University of London, Faber and Faber Limited.",1935,Female,Unknown,,,,,,
"Berque, Jacques, and Jane Bigwood. 1955. “Social Structures Of The High Atlas.” Paris: Presses Universitaires de France.",1955,Male,1910,,,,,,
"Montagne, Robert, and Jean Winchell. 1930. “Berbers And The Makhzen In The South Of Morocco: Essay On The Political Transformation Of The Sedentary Berbers (The Chleuh Group).” Paris: Librarie Félix Alcan.",1930,Male,1893,,,,,,
"Hatt, Doyle Gordon. 1993. “Skullcaps And Turbans: Domestic Authority And Public Leadership Among The Idaw Tanan Of The Western High Atlas, Morocco.” Ann Arbor, Mich.: University Microfilms.",1993,Male,Unknown,,,,,,
"MacDougall, Robert Duncan. 1974. “Domestic Architecture Among The Kandyan Sinhalese.” Ann Arbor, Michigan: University Microfilms.",1974,Male,1940,,,,,,
"Cerulli, Enrico. 1959. “How A Hawiye Tribe Used To Live.” Somalia, Scritti Vari Editi Ed Inediti, , Edited By Enrico Cerulli. Roma: A Cura dell’Amministrazione Fiduciaria Italiana della Somalia ; Instituto poligrafico dello Stato P.V.",1959,Male,1898,,,,,,
"Cerulli, Enrico. 1923–1925. “Observations On The Moslem Movement In Somaliland.” Rivista Degli Studi Orientali 10. Roma: HRAF MS: 1–45 [original: 1–36 ].",1959,Male,1898,,,,,,
"Cerulli, Enrico. 1919–1921. “Somali Songs And Little Texts.” Journal Of The African Society. London, 135–40, 221–26  ; 41–49  ; 47–54.",1959,Male,1898,,,,,,
"Cerulli, Enrico. 1964. “Somali Tribe.” Somalia, Scritti Vari Editi Ed Inediti, , Edited By Enrico Cerulli. Roma: Ministero degli Affari Esteri ; Instituto poligrafico dello Stato P.V.",1964,Male,1898,,,,,,
"Cerulli, Enrico. 1959. “Consuetudinary Law Of Northern Somalia (Mijirtein).” Somalia, Scritti Vari Editi Ed Inediti, , Edited By Enrico Cerulli. Roma: A Cura dell’Amministrazione Fiduciaria Italiana della Somalia ; Instituto poligrafico dello Stato P.V.",1959,Male,1898,,,,,,
"Cerulli, Enrico. 1959. “Consuetudinary Law Of Northern Somalia (Mijirtein).” Somalia, Scritti Vari Editi Ed Inediti. Roma: A Cura dell’Amministrazione Fiduciaria Italiana della Somalia ; Instituto poligrafico dello Stato P.V.",1959,Male,1898,,,,,,
"Cerulli, Enrico. 1964. “Dancing Of The Somali.” Somalia, Scritti Vari Editi Ed Inediti. Roma: Ministero degli Affari Esteri ; Instituto poligrafico dello Stato P.V.",1964,Male,1898,,,,,,
"Drake-Brockman, Ralph Evelyn. 1912. “British Somaliland.” London: Hurst & Blackett, Ltd.",1912,Male,1875,,,,,,
"Helander, Bernhard. 1988. “Slaughtered Camel: Coping With Fictitious Descent Among The Hubeer Of Southern Somalia.” [Uppsala, Sweden]: University of Uppsala, Department of Anthropology.",1988,Male,1958,,,,,,
"Lewis, I. M. 1961. “Pastoral Democracy: A Study Of Pastoralism And Politics Among The Northern Somali Of The Horn Of Africa.” London: Published for the International African Institute by Oxford University Press.",1961,Male,1930,,,,,,
"Lewis, I. M. 1962. “Marriage And The Family In Northern Somaliland.” East African Studies. Kampala, Uganda: East African Institute of Social Research.",1962,Male,1930,,,,,,
"Lewis, I. M. 1958. “Modern Political Movements In Somaliland, I & Ii.” Africa, Journal Of The International African Institute 28 (s 3, 4). London: 244–60, 344–62.",1958,Male,1930,,,,,,
"Lewis, I. M. 1959. “Names Of God In Northern Somali.” Bulletin Of The School Of Oriental And African Studies, University Of London 22. London: 134–40.",1959,Male,1930,,,,,,
"Paulitschke, Philipp Viktor. 1888. “Contributions To The Ethnography And Anthropology Of The Somali, Galla, And Harari.” Leipzig: Eduard Baldamus.",1888,Male,1854,,,,,,
"Puccioni, Nello. 1936. “Anthropology And Ethnography Of The Peoples Of Somalia.” Etnografia E Paletnologia. Bologna, Italy: Nicola Zanichelli.",1936,Male,1881,,,,,,
"Swayne, Harald George Carlos. 1900. “Seventeen Trips Through Somaliland And A Visit To Abyssinia: A Record Of Exploration And Big Game Shooting, With Descriptive Notes On The Fauna Of The Country.” London: R. Ward.",1900,Male,1860,,,,,,
"Diamond, Norma. 1969. “K’Un Shen: A Taiwan Village.” New York: Holt, Rinehart and Winston.",1969,Female,1933,,,,,,
"Bennett, Wendell Clark, and Robert M. (Robert Mowry) Zingg. 1935. “Tarahumara: An Indian Tribe Of Northern Mexico.” Ethnological Series. Chicago, Illinois: The University of Chicago Press.",1935,Male,1905,Male,1900,,,,
"Champion, Jean René. 1970. “Study In Culture Persistence: The Tarahumaras Of Northwestern Mexico.” Ann Arbor, Michigan: University Microfilms.",1970,Male,1921,,,,,,
"Lumholtz, Carl. 1902. “Unknown Mexico: A Record Of Five Years Exploration Of The Western Sierra Madre ; In The Tierra Caliente Of Tepic And Jalisco ; And Among The Tarascos Of Michoacan, Vol. 1.” New York: Charles Scribners’ Sons.",1902,Male,1851,,,,,,
"Firth, Raymond. 1930. “Dart Match In Tikopia.” Oceania 1 (1): 64–96.",1930,Male,1901,,,,,,
"Firth, Raymond. 1949. “Authority And Public Opinion In Tikopia.” Social Structure : Studies Presented To A. R. Radcliffe-Brown. Oxford, England: Clarendon Press.",1949,Male,1901,,,,,,
"Firth, Raymond. 1936. “Bond-Friendship In Tikopia.” Custom Is King : Essays Presented To R. R. Marett. London, England: Hutchinson’s Scientific and Technical Publications.",1936,Male,1901,,,,,,
"Firth, Raymond. 1961. “History And Traditions Of Tikopia.” Memoir. Wellington, New Zealand: The Polynesian Society.",1961,Male,1901,,,,,,
"Firth, Raymond. 1939. “Primitive Polynesian Economy.” London, England: George Routledge & Sons, Ltd.",1939,Male,1901,,,,,,
"Firth, Raymond. 1951. “Privilege Ceremonials In Tikopia.” Oceania 21: 161–77.",1951,Male,1901,,,,,,
"Firth, Raymond. 1955. “Privilege Ceremonials In Tikopia: A Further Note.” Oceania 26: 1–13.",1955,Male,1901,,,,,,
"Firth, Raymond. 1970. “Rank And Religion In Tikopia: A Study In Paganism And Conversion To Christianity.” Boston, Mass.: Beacon Press.",1970,Male,1901,,,,,,
"Firth, Raymond. 1959. “Social Change In Tikopia.” New York, N.Y.: The Macmillan Company.",1959,Male,1901,,,,,,
"Firth, Raymond. 1940. “Work Of The Gods In Tikopia.” Monographs On Social Anthropology. London, England: The London School of Economics and Political Science.",1940,Male,1901,,,,,,
"Firth, Raymond. 1967. “Tikopia Ritual And Belief.” London: George Allen and Unwin Ltd.",1967,Male,1901,,,,,,
"Firth, Raymond. 1930–1931. “Totemism In Polynesia.” Oceania 1 (3): 291–321, 377–99.",1930,Male,1901,,,,,,
"Firth, Raymond. 1936. “We, The Tikopia: A Sociological Study Of Kinship In Primitive Polynesia.” London, England: George Allen and Unwin, Ltd.",1936,Male,1901,,,,,,
"Keil, Charles. 1979. “Tiv Song.” Chicago, Ill.: The University of Chicago Press.",1979,Male,1939,,,,,,
"Abraham, Roy Clive. 1933. “Tiv People.” Lagos: The Government Printer.",1933,Male,1890,,,,,,
"Akiga, Rupert East, and International Institute Of African Languages And Cultures. 1939. “Akiga’S Story: The Tiv Tribe As Seen By One Of Its Members.” London, New York [etc.]: Oxford University Press.",1939,Male,1898,,,,,,
"Bohannan, Laura, and Paul Bohannan. 1953. “Tiv Of Central Nigeria.” Ethnographic Survey Of Africa: Western Africa. London: International African Institute.",1953,Female,1922,Male,1920,,,,
"Bohannan, Paul, and Laura Bohannan. 1969. “Source Book On Tiv Religion.” Hraflex Books. Ethnography Series. New Haven, Conn.: Human Relations Area Files.",1969,Male,1920,Female,1922,,,,
"Bohannan, Paul. 1968. “Justice And Judgment Among The Tiv.” Published for the International African Institute by the Oxford University Press.",1968,Male,1920,,,,,,
"Bohannan, Paul, and Laura Bohannan. 1958. “Three Source Notebooks In Tiv Ethnography.” New Haven, Conn.: Human Relations Area Files.",1958,Male,1920,Female,1922,,,,
"Bohannan, Paul, and Laura Bohannan. 1968. “Tiv Economy.” African Studies. Evanston [Ill.]: Northwestern University Press.",1968,Male,1920,Female,1922,,,,
"Bohannan, Paul. 1957. “Tiv Farm And Settlement.” Colonial Research Studies. London: Her Majesty’s Stationery Office.",1957,Male,1920,,,,,,
"Downes, Roger Meaden. 1933. “Tiv Tribe.” Kaduna: The Government Printer.",1933,Male,1892,,,,,,
"Hagher, Iyorwuese H. (Iyorwuese Harry). 1981. “Performance On Tiv Oral Poetry.” Oral Poetry In Nigeria : Selections From The Papers Presented At The Seminar On Traditional Oral Poetry In Some Nigerian Communities. Lagos: Nigeria Magazine.",1981,Male,1949,,,,,,
"Garfield, Viola Edmundson. 1947. “Historical Aspects Of Tlingit Clans In Angoon, Alaska.” American Anthropologist 49 (3). Menasha: 438–52.",1947,Female,1899,,,,,,
"Jonaitis, Aldona. 1986. “Art Of The Northern Tlingit.” Seattle: University of Washington Press.+",1986,Female,1948,,,,,,
"Jones, Livingston French. 1914. “Study Of The Thlingets Of Alaska.” New York: Fleming H. Revell Co.",1914,Male,1865,,,,,,
"Kan, Sergei. 1989. “Symbolic Immortality: The Tlingit Potlatch Of The Nineteenth Century.” Smithsonian Series In Ethnographic Inquiry. Washington: Smithsonian Institution Press.",1989,Male,1953,,,,,,
"Kan, Sergei. 1989. “Symbolic Immortality: The Tlingit Potlatch Of The Nineteenth Century.”Smithsonian Series In Ethnographic Inquiry. Washington: Smithsonian Institution Press.",1989,Male,1953,,,,,,
"Knapp, Frances, and Rheta Childe Dorr. 1896. “Thlinkets Of Southeastern Alaska.” Chicago: Stone and Kimball.",1896,Female,Unknown,Female,1868,,,,
"Krause, Aurel, and Erna Gunter. 1956. “Tlingit Indians: Results Of A Trip To The Northwest Coast Of America And The Bering Straits.” Seattle, Wash.: Published for the American Ethnological Society by the University of Washington Press.",1956,Male,1848,,,,,,
"McClellan, Catherine. 1954. “Interrelations Of Social Structure With Northern Tlingit Ceremonialism.” Southwestern Journal Of Anthropology 10 (1). Albuquerque, New Mexico: 75–96.",1954,Female,1921,,,,,,
"Oberg, Kalervo. 1934. “Crime And Punishment In Tlingit Society.” American Anthropologist 36 (2). Menasha: 145–55.",1934,Male,1901,,,,,,
"Oberg, Kalervo. 1934. “Crime And Punishment In Tlingit Society.” American Anthropologist36 (2). Menasha: 145–55.",1934,Male,1901,,,,,,
"Oberg, Kalervo. [nd]-/. “Social Economy Of The Tlingit Indians.” [S.L.]: [s.n.].",1937,Male,1901,,,,,,
"Olson, Ronald L. (Ronald LeRoy). 1967. “Social Structure And Social Life Of The Tlingit In Alaska.” Anthropological Records. Berkeley: University of California Press.",1967,Male,1895,,,,,,
"Dauenhauer, Richard. 1988. “Text And Context Of Tlingit Oral Tradition.” Ann Arbor, Michigan: University Microfilms.",1988,Male,1942,,,,,,
"Rathburn, Robert Richard. 1988. “Processes Of Russian-Tlingit Acculturation In Southeastern Alaska.” Ann Arbor, Michigan: University Microfilms.",1988,Male,1947,,,,,,
"Corporation, Sealaska, Nora Dauenhauer, Richard Dauenhauer, Sealaska Elders Conference (St, and Alaska) Sitka. 1981. “‘Because We Cherish You--’: Sealaska Elders Speak To The Future.” Juneau, Alaska: Sealaska Heritage Foundation Press.",1981,Female,1927,Male,1942,,,,
"Swanton, John Reed. 1905. “Social Condition, Beliefs, And Linguistic Relationship Of The Tlingit Indians.” Washington, D.C.: Smithsonian Institution.",1905,Male,1873,,,,,,
"Tollefson, Kenneth D. 1988. “Cultural Foundation Of Political Revitalization Among The Tlingit.” Ann Arbor, Michigan: Xerox University Microfilms.",1988,,,,,,,,
"Emmons, George Thornton., and Frederica De Laguna. 1991. “Tlingit Indians.” Anthropological Papers Of The American Museum Of Natural History. Seattle: University of Washington Press ; American Museum of Natural History.",1991,Male,1852,Female,1906,,,,
"Baldwin, B. 1945. “Usituma!: Song Of Heaven.” Oceania 15: 201–38.",1945,Male,1907,,,,,,
"Malinowski, Bronislaw. 1922. “Argonauts Of The Western Pacific: An Account Of Native Enterprise And Adventure In The Archipelagoes Of Melanesian New Guinea.” London: George Routledge & Sons, Ltd.",1922,Male,1884,,,,,,
"Malinowski, Bronislaw. 1916. “Baloma: The Spirits Of The Dead In The Trobriand Islands.” Journal Of The Royal Anthropological Institute Of Great Britian And Ireland 46: 353–430.",1916,Male,1884,,,,,,
"Malinowski, Bronislaw. 1935. “Coral Gardens And Their Magic: A Study Of The Methods Of Tilling The Soil And Of Agricultural Rites In The Trobriand Islands. Vol. One, The Description Of Gardening.” New York: American Book Company.",1935,Male,1884,,,,,,
"Malinowski, Bronislaw. 1929. “Sexual Life Of Savages In Northwestern Melanesia: Vol. 1 And 2.” New York: Horace Liveright.",1929,Male,1884,,,,,,
"Montague, Susan P. 1989. “To Eat For The Dead: Kaduwagan Mortuary Events.” Death Rituals And Life In The Societies Of The Kula Ring, Edited By Frederick H. Damon And Roy Wagner. Dekalb: Northern Illinois University Press.",1989,Female,1942,,,,,,
"Weiner, Annette B. 1988. “Trobrianders Of Papua New Guinea.” Case Studies In Cultural Anthropology. New York: Holt, Rinehart and Winston, Inc.",1988,Female,1933,,,,,,
"Weiner, Annette B. 1976. “Women Of Value, Men Of Renown: New Perspectives In Trobriand Exchange.” Austin, Tex.: University of Texas Press.",1976,Female,1933,,,,,,
"Seligman, C. G. (Charles Gabriel). 1910. “Northern Massim.” Melanesians Of British New Guinea, By C. G. Seligmann. Cambridge, U.K.: Cambridge University Press.",1910,Male,1873,,,,,,
"Scoditti, Giancarlo M. G. 1989. “Kitawa: A Linguistic And Aesthetic Analysis Of Visual Art In Melanesia.” Approaches To Semiotics. Berlin: Mouton de Gruyter.",1989,Male,1939,,,,,,
"Silas, Ellis. 1926. “Primitive Arcadia.” London: T. Fisher Unwin Ltd.",1926,Male,1885,,,,,,
"Brindley, Marianne. 1984. “Symbolic Role Of Women In Trobriand Gardening.” Miscellanea Anthropologica. Pretoria: University of South Africa.",1984,Female,Unknown,,,,,,
"Beierle, John. 1998. “Culture Summary: Tukano.” New Haven, Conn.: HRAF.",1998,Male,Unknown,,,,,,
"Chernela, Janet Marion. 1993. “Wanano Indians Of The Brazilian Amazon: A Sense Of Space.” Austin: University of Texas Press.",1993,Female,1943,,,,,,
"Goldman, Irving. 1963. “Cubeo: Indians Of The Northwest Amazon.” Illinois Studies In Anthropology. Urbana , Illinois: University of Illinois Press.",1963,Male,1911,,,,,,
"Hugh-Jones, Christine. 1979. “From The Milk River: Spatial And Temporal Processes In Northwest Amazonia.” Cambridge Studies In Social Anthropology. Cambridge: Cambridge University Press.",1979,Male,1945,,,,,,
"Hugh-Jones, Stephen. 1979. “Palm And The Pleiades: Initiation And Cosmology In Northwest Amazonia.” Cambridge Studies In Social Anthropology. Cambridge: Cambridge University Press.",1979,Male,1945,,,,,,
"Jackson, Jean E. (Jean Elizabeth). 1983. “Fish People: Linguistic Exogamy And Tukanoan Identity In Northwest Amazonia.” Cambridge Studies In Social Anthropology. Cambridge [Cambridgeshire]: Cambridge University Press.",1983,Female,1943,,,,,,
"Reichel-Dolmatoff, Gerardo. 1971. “Amazonian Cosmos: The Sexual And Religious Symbolism Of The Tukano Indians.” Chicago: University of Chicago Press.",1971,Male,1912,,,,,,
"Reichel-Dolmatoff, Gerardo. 1987. “Shamanism And Art Of The Eastern Tukanoan Indians: Colombian Northwest Amazon.” Iconography Of Religions. Leiden: E. J. Brill.",1987,Male,1912,,,,,,
"Silva, Alcionilio Bruzzi Alves da, and Ivana Lillios. 1962. “Indigenous Civilization Of The Uaupés.” Centro De Pesquisas De Iauareté. Sao Paulo: Centro de Pesquisas de Iauareté.",1962,Male,1901,,,,,,
"Redfield, Robert, and Alfonso Villa Rojas. 1939. “Notes On The Ethnography Of Tzeltal Communities Of Chiapas.” Contributions To American Anthropology And History. Washington, D.C.: Carnegie Institution of Washington.",1939,Male,1897,Male,1897,,,,
"Adanson, Michel. 1759. “Voyage To Senegal, The Isle Of Goree, And The River Gambia.” London: J. Nourse [etc.].",1759,Male,1727,,,,,,
"Ames, David W. [nd]-/. “Plural Marriage Among The Wolof In The Gambia: With A Consideration Of Problems Of Marital Adjustment And Patterned Ways Of Resolving Tensions.” [S.L.]: [s.n.].",1974,Male,Unknown,,,,,,
"T., Irvine Judith. 1974. “Caste And Communication In A Wolof Village.” Ann Arbor, Michigan: University Microfilms.",1974,Female,1945,,,,,,
"Irvine, Judith T. 1990. “When Is Genealogy History? Wolof Genealogies In Comparative Perspective.” American Ethnologist 5 (4). [Washington]: 651–74.",1990,Female,1945,,,,,,
"Rousseau, R., and Marianne Moerman. 1929. “Senegal In Former Times: A Study Of Oualo, The Notebooks Of Yoro Dyâo.” Bulletin Du Comité D’Études Historiques Et Scientifiques De L'Afrique Occidentale Française 12. Paris: HRAF Ms: 110 [Original: 133–211 ].",1929,Unknown,Unknown,,,,,,
"Gamble, David P. 1957. “Wolof Of Senegambia: Together With Notes On The Lebu And The Serer.” Ethnographic Survey Of Africa: Western Africa. London: International African Institute.",1957,Male,1920,,,,,,
"Ames, David W. 1959. “Wolof Co-Operative Work Groups.” Continuity And Change In African Cultures, Edited By William R. Bascom And Melville J. Herskovits. Chicago: University of Chicago Press.",1959,Male,Unknown,,,,,,
"Boilat, Abbé P. -D. (P. -David), and Ariane Brunel. 1853. “Senegalese Sketches.” Paris: P. Bertrand, Libraire-Editeur.",1853,Male,1814,,,,,,
"Gaden, Henri, and Frieda Schütze. 1912. “Senegalese Legends And Customs: Notebooks Of Yoro Dyâo.” Revue D’Ethnographie Et De Sociologie 3. Paris: HRAF Ms: 69 [Original: 119–37, 191–202 ].",1912,Male,1867,,,,,,
"Faladé, Solange. 1963. “Women Of Dakar And The Surrounding Urban Area.” Women Of Tropical Africa, Edited By Denise Paulme. London: Routledge and Kegan Paul.",1963,Female,1925,,,,,,
"Gamble, David P. 1991. “Wolof Proverbs.” Verbal And Visual Expressions Of Wolof Culture, Edited By David P. Gamble. [S.L.]: [s.n.].",1991,Male,1920,,,,,,
"Gamble, David P., and David Ames. 1991. “Wolof Naming Ceremony: Human Interaction And Its Aesthetic Significance.” Verbal And Visual Expressions Of Wolof Culture, Edited By David P. Gamble. [S.L.]: [s.n.].",1991,Male,1920,Male,Unknown,,,,
"Irvine, Judith T. 1990. “Registering Affect: Heteroglossia In The Linguistic Expression Of Emotion.” Language And The Politics Of Emotion, Edited By Catherine A. Lutz, Lila Abu-Lughod. Cambridge [England]: Cambridge University Press : Editions de la maison des sciences de l’homme.",1990,Female,1945,,,,,,
"Poix, Christophe Paulin de la (Chevalier de Fréminville), and Jean Winchell. 1955. “Chevalier De Fréminville At Dakar (1822).” Notes Africaines, no. 66. Dakar: HRAF MS: 18 [Original: 41–47 ].",1955,Male,1787,,,,,,
"Venema, L. B. 1978. “Wolof Of Saloum: Social Structure And Rural Development In Senegal.” Wageningen: Center for Agricultural Publishing and Documentation.",1978,Male,1941,,,,,,
"Jochelson, Waldemar. 1933. “Yakut.” Anthropological Papers. New York: Published by order of the Trustees.",1933,Male,1855,,,,,,
"Popov, A. A. 1964. “Dolgans.” Peoples Of Siberia, Edited By M. G. Levin And L. P. Potapov. Chicago, Ill.: University of Chicago Press.",1964,Male,1902,,,,,,
"Sauer, Martin. 1802. “Account Of A Geographical And Astronomical Expedition To The Northern Parts Of Russia By Commodore Joseph Billings, In The Years 1785-1794.” London: T. Cadell, jun. and W. Davies.",1802,Male,Unknown,,,,,,
"Tokarev, S. A., and Gurvich I. S. 1964. “Yakuts.” Peoples Of Siberia, Edited By M. G. Levin And L. P. Potapov. Chicago, Ill.: University of Chicago Press.",1964,Male,1899,,,,,,
"Wrangel, baron, Ferdinand Petrovich, and Edward Sabine Sir. 1842. “Narrative Of An Expedition To The Polar Sea, In The Years 1820, 1821, 1822, & 1823.” New York: Harper and Brothers.",1842,Male,1796,Male,1788,,,,
"Barker, James, and Sidney Muirden. 1953. “Memoir On The Culture Of The Waica.” Boletín Indigenista Venezolano 1: 433–89 [HRAF ms.: 1–65 ].",1953,Male,Unknown,Male,1926,,,,
"Becher, Hans, and Frieda Schütze. 1960. “Surara And Pakidai, Two Yanoama Tribes In Northwest Brazil.” Mitteilungen. Hamburg: Kommissionsverlag Cram, De Gruyter & Co.",1960,Male,1906,,,,,,
"Chagnon, Napoleon A. 1968. “Yanomamö: The Fierce People.” Case Studies In Cultural Anthropology. New York: Holt, Rinehart and Winston.",1968,Male,1938,,,,,,
"Schuster, Meinhard, and Shelton Hicock. 1958. “Sociology Of The Waica.” Proceedings Of The International Congress Of Americanists. Copenhagen: Munksgaard.",1958,Male,1930,,,,,,
"Wilbert, Johannes, and Sydney Muirden. 1963. “Sanema.” Indios De La Región Orinoco-Ventuari, By Johannes Wilbert. Caracas: Fundación La Salle de Ciencias Naturales.",1963,Male,1927,Male,1926,,,,